index,task_type,prompt,ori_image,target_image
1,t2i,一棵令人惊叹的树从太空中的一颗小行星上生长出来，细节复杂，自然光线照射，呈现出超现实的3D渲染效果。,,
2,t2i,宁静的天空中，以概念艺术风格绘制的平和蓬松的云朵，分辨率为4K。,,
3,t2i,一张逼真的照片，展示了一位皮肤光滑的男性机器人，它像雕像一样在工厂中摆出姿势。,,
4,t2i,这是一幅以平滑的数字肖像插画概念艺术风格描绘的身穿宇航服的年轻宇航员。,,
5,t2i,A vibrant cityscape at dawn with sharp focus and bright colors in a matte finish,,
6,t2i,一个男人在舒适的客厅里一边看书一边享受着饮料。,,
7,t2i,太阳镜在逼真的虚拟环境中反射出一幅令人惊叹的宇宙景象。,,
8,t2i,一个男人骑着一辆带篮子的小自行车，沿着森林中陡峭的道路骑行。,,
9,t2i,获奖的海滩场景，五彩斑斓的灯光和灯笼照亮的夜空下的临时小屋。,,
10,t2i,a woman in a white shawl stands in a garden with red flowers blooming around her,,
11,t2i,A toy set inspired by mythical creatures in a fantasy world,,
12,t2i,Spiderweb-covered piano in vast silent hall with soft light creating a somber mood,,
13,t2i,一个脸上有发光雀斑、头发凌乱的青少年站在一个充满奇思妙想的独立工作室场景中，逆光而立。,,
14,t2i,这幅画描绘了一幅宁静的风景，色彩鲜艳，笔触细腻。,,
15,t2i,African American woman wears turquoise helmet mask and pink cloak in a gold canopy,,
16,t2i,在晴朗的蓝天之下，一条被薄雾笼罩的林荫大道上，迎来了一个秋天的早晨。,,
17,t2i,在宁静的环境中，著名艺术家们描绘了一片在晴朗天空下的平静海洋。,,
18,t2i,Two mystics gather by a fire as a mythical bird ascends from a distant volcano in a serene landscape,,
19,t2i,A high detail 4k professional photograph of a cowboy in a wild west town scene,,
20,t2i,这是一幅1950年代游戏节目的超写实主义画作，画面中一位女性在一个反光的环境中打高尔夫球。,,
21,t2i,一个男人在一个充满活力的淡彩世界中探索蒸汽朋克风格的门户，这个世界以干净的矢量艺术呈现。,,
22,t2i,Samurai skeleton with blue eyes in a dark fantasy scene intricately detailed digital painting art concept illustration,,
23,t2i,一个宁静的公园场景，有鲜艳的花朵和人们在阳光下和谐地享受美好时光。,,
24,t2i,一个宁静的海滩场景，一位穿着蓝色长袍的女子在黄金时刻手持生日蛋糕。,,
25,t2i,Exoskeletal device malfunctioned at railroad station causing delay,,
26,t2i,Creative anime style illustration of a dog girl with fairy wings and heart effects on a simple background,,
27,t2i,A soccer player kicks a ball in a sunny park scene,,
28,t2i,A classic black and white illustration of a woman in vintage attire,,
29,t2i,A detailed eerie and grim creature in a dark forest at night,,
30,t2i,这是一幅以照片般逼真的数字绘画风格呈现的神奇花园，花园里有彩虹般闪耀的花朵和柔和的灯光。,,
31,t2i,在一个未来城市景观中，有一条充满活力的科技朋克小巷，霓虹灯闪烁，机器人熙熙攘攘。,,
32,t2i,A detailed 8K resolution photo of a well-designed garden in a sunny park,,
33,t2i,A skilled warrior stands in heroic stance wielding a spear in a vivid digital artwork,,
34,t2i,A detailed realistic painting of a musician in an art nouveau style,,
35,t2i,为一个幻想世界创作一个以自然为灵感的详细游戏资产，采用蓝粉色调的水粉画风格。,,
36,t2i,Corn sprouted legs and fled captured in a vintage Polaroid photo,,
37,t2i,这是一幅由安东·皮克创作的、背景充满风暴的、细节丰富的数字绘画，描绘了一位霜冻海盗。,,
38,t2i,A dramatic painting of a woman in Caravaggio style with vivid colors,,
39,t2i,A spaceship launches from a city in a digital art style inspired by Van Gogh's Starry Night,,
40,t2i,girl with flowing hair in ocean breeze scene,,
41,t2i,A vibrant outdoor scene of modern art objects in bold colors and memphis design style in 1920,,
42,t2i,保时捷911 Carrera 3.2在公路上行驶，背景是森林，金色时刻的光线和薄雾场景的详细照片打印。,,
43,t2i,一个穿着eva作战服的年轻女孩站在泰坦上，土星环在电影般的灯光下清晰可见,,
44,t2i,A serene beach scene with soft sand gentle waves and clear blue skies,,
45,t2i,一位男士在70年代苏联风格的舞厅中优雅地跳舞，那里充满了复古的魅力和温暖的灯光。,,
46,t2i,在柔和而神秘的灯光下，博物馆里展示着一件由黏土和大理石制成的活动雕塑。,,
47,t2i,Crystal skull in 8k cinematic detailed intricate scene,,
48,t2i,黄昏时分，一条美丽的街道，紫藤花般的紫色灯光照亮了古老的房屋，超精细的8K艺术作品。,,
49,t2i,A detailed 8k sci-fi fantasy film still photo featuring a basketball player in a floral ornate setting,,
50,t2i,Epic patriotic mech in a vast battlefield scene with cinematic lighting and ultra realistic details,,
51,t2i,这是一张用相机拍摄的老虎脸部特写照片，照片中老虎的面部细节丰富，对比度高，显得非常威严。,,
52,t2i,在皮克斯温馨的家庭场景中，有一只友好的卡通狗。,,
53,t2i,在神秘森林中的一座宏伟庄园，有一个可爱的花园，里面长满了蘑菇，人们在动态的月光艺术下讨论着。,,
54,t2i,在一张黑白照片中，一位老人在一头猪的旁边，从满是落叶的地面上采集松露。,,
55,t2i,A superhero in a city at night with bright lights and shadows captured in a stunning 8k photo,,
56,t2i,这是一幅由多位艺术家创作的美丽公主的详细肖像，画面充满了电影般的戏剧氛围。,,
57,t2i,柯达Portra 400胶卷捕捉到了一个宁静的秋季野餐场景，背景是阳光明媚的托斯卡纳乡村，色调柔和，充满复古魅力。,,
58,t2i,奥托每天从黎明到黄昏都在电脑前不知疲倦地工作，没有休息。,,
59,t2i,一个男人和一只猫在一个光线明亮、有柔和阴影的房间里一起玩耍。,,
60,t2i,穿着超人服装的超级马里奥在电影灯光下飞行，带有散景和镜头光晕效果。,,
61,t2i,令人敬畏的古代全息图，色彩柔和，几何图案复杂，并在工作室环境中点缀着金色碎片。,,
62,t2i,一只毛茸茸的小麻雀在温暖的夜灯下，栖息在一个花形杯中，营造出一幅温馨的场景。,,
63,t2i,Mandelbrot crystal fluid thin gold wire tendrils ultra detailed photographic octane HD 16k hyperrealistic digital art masterpiece,,
64,t2i,武汉的河桥在夕阳下，紫色的天空在电影般的8K细节中。,,
65,t2i,A serene rural Spanish village scene painted in soft matte tones,,
66,t2i,Evening TV show studio with sofa and women in blue style art by an artist,,
67,t2i,A fit model in futuristic material poses for a simple background photo shoot with lush curls and petite body,,
68,t2i,在繁华城市场景中的时尚狐狸角色，这是一幅充满活力和细节的艺术作品，专为粉丝们打造。,,
69,t2i,一个闪亮的苹果，上面贴着时尚的标志贴纸，被以高质量的4K摄影捕捉到。,,
70,t2i,一个脸上涂着彩色颜料的男人在阳光明媚的公园里灿烂地笑着，背景柔和模糊，还有镜头光晕。,,
71,t2i,Fashion model in serene morning light with deep blue green water reflecting heaven mood in intricate poster art style,,
72,t2i,A man with a detailed face in a dark cinematic scene by an unknown director,,
73,t2i,充满希望的宇航员，金色的头发，在充满活力的红白太空场景中，灵感来源于艺术。,,
74,t2i,Gorgeous female in soft lighting captured in high definition artfully retouched by a skilled artist,,
75,t2i,一张在阳光明媚的日子里，8k分辨率下拍摄的幸福家庭在公园里的照片。,,
76,t2i,film of oil on water surface shines with rainbow colors,,
77,t2i,A young knight in white armor stands in a gothic cathedral with flowing hair and intricate armor details,,
78,t2i,Muscular cat hunter with weapon in sunlight oil painting by Rembrandt with dramatic clouds and atmosphere,,
79,t2i,玻璃温室里充满了沐浴在阳光下的花朵，在一个神秘的以太朋克世界中提供慰藉。,,
80,t2i,A couple repairs a spaceship interior in low key lighting with hyper real photorealistic cinematic beauty,,
81,t2i,这是一幅由受欢迎的艺术家创作的宁静沙漠风景画，画中有巨大的沙丘和柔和的色彩。,,
82,t2i,A dog tied a man to a pole in a digital painting with smooth sharp focus and cinematic lighting,,
83,t2i,A politician reflects on past decisions in a quiet office,,
84,t2i,A surreal scene with vibrant colors and dark tones in a triadic color scheme by an unknown artist,,
85,t2i,A classic art style portrait of a woman in a serene garden setting,,
86,t2i,这是一幅详细的油画，描绘了一个未来科幻角色，背景中有极光、云彩、星星和巴洛克元素。,,
87,t2i,在一个宏伟大厅的魔幻氛围中，一个幻想角色被捕捉在高细节的8K图像中。,,
88,t2i,A man in blue sits on a bench facing away observing wall art with musical notes in background high quality detailed masterpiece,,
89,t2i,Majestic dragon roars in snowy mountain range with wings spread in ultra high quality 3D art,,
90,t2i,一位身穿紫色斗篷的女巫在奇幻的背景下对一只生物施法。,,
91,t2i,bold line art portrait inspired by minimalist style with confident curves and soft swirls expressing raw emotion,,
92,t2i,Mushrooms in a forest with sunlight filtering through trees creating a serene natural scene,,
93,t2i,A red fox in a forest at dawn with soft light and shadows in a digital painting,,
94,t2i,人们在一片草地上观看火箭在五彩斑斓的云彩下发射，草地上有一棵树。,,
95,t2i,A tiny cosmic phenomenon contained within a glass vessel,,
96,t2i,这是一幅详细的肖像画，描绘了一只具有蝙蝠特征的友好生物，背景是柔和的渐变色调。,,
97,t2i,Mushroom vase floats in sky and sea with purple scrolls colorful shells and koi fishes in soft light,,
98,t2i,Friendly light figures dance in a colorful field creating a mesmerizing scene of unity and harmony in art,,
99,t2i,liberal women with unique hairstyles captured in side profile headshots with f3.5 aperture and ISO 100 settings,,
100,t2i,New York City skyline in 1998 realistic digital art by artists trending on ArtStation highly detailed,,
101,t2i,这是一位由现代艺术家设计的未来感十足的人物，他戴着光滑的头盔，身上布满了电线。,,
102,t2i,夜晚的雾蒙蒙城市街道，五彩斑斓的灯光和未来感十足的汽车，构成了一幅充满活力的都市景象。,,
103,t2i,一个穿着粉色夹克和蓝色西装的未来风格角色，坐在一辆铬制车辆中，周围是戏剧性的灯光。,,
104,t2i,Summer lake scene with barge reed and clear sky in vibrant colors by skilled artists,,
105,t2i,一位探险家和他的狗在北极徒步旅行，这是一幅美丽的数字艺术杰作。,,
106,t2i,这是一幅宁静的数字画，描绘了一个充满发光植物和外星生物的系外行星丛林。,,
107,t2i,一只安静的草鸮栖息在安静社区中一个温馨家园的屋顶上。,,
108,t2i,迷人的水下场景，神奇的生物在充满活力的海洋中优雅地游动。,,
109,t2i,复古70年代的学校照片，照片中的人们有着古怪的眼神和笑容，被装在一个怀旧的、略带灰尘的相框中。,,
110,t2i,一对男女在一座中世纪风格的图书馆里聊天，图书馆的灯光效果变幻莫测，整体色调以蓝棕色为主。,,
111,t2i,一个人在热闹的俱乐部氛围中唱卡拉OK。,,
112,t2i,Two adventurers battle atop a moving train in a gritty industrial landscape under a stormy sky,,
113,t2i,在一个繁忙的城市场景中，一个女孩站在红绿灯旁，手里拿着一个西瓜。,,
114,t2i,An Egyptian woman in a diving mask underwater with ocean details by an artist,,
115,t2i,A lone traveler walks through a detailed city street with towering buildings in a futuristic setting,,
116,t2i,Girl walks through daisy field under starry night sky with surreal light and clouds in dreamlike scene,,
117,t2i,A photorealistic DJ in tech wear performs under studio lights in a detailed and intricate setting,,
118,t2i,鲍勃·罗斯用数字艺术创作了一幅宁静的风景画，画中有一只山羊在宁静的草地上，画面平滑且细节丰富。,,
119,t2i,A charming goblin princess portrait with a cute face in a magical forest setting,,
120,t2i,A samurai warrior with blue skin wears a haori kimono in a detailed official portrait,,
121,t2i,A serene park scene with soft sunlight filtering through trees creating a peaceful atmosphere for a quiet stroll,,
122,t2i,史诗般的、照片级逼真的4K肖像，具有电影般的光影和细节，使用Unreal Engine 5制作。,,
123,t2i,20世纪20年代的美国绘画中，母亲的眼泪唤起了一段令人动容的家庭时刻。,,
124,t2i,在热闹的节日场景中，一位身穿色彩斑斓服装、化着俏皮妆容的人的超高清自然照片。,,
125,t2i,A cute space cadet girl with elegant freckles and open eyes in wonder in a realistic anime style scene,,
126,t2i,New poster shows beige background with brown designs white text at bottom modern minimalist art by Di Cavalcanti,,
127,t2i,Specter appears before a chapel at night with soft glow and vintage film effect,,
128,t2i,这是一幅详细的插图，描绘了一位年轻的弓箭手在充满活力的森林环境中，柔和的光线和精致的细节使画面栩栩如生。,,
129,t2i,Orcas build an underwater city using coral and rock in a deep ocean environment creating a unique marine habitat,,
130,t2i,一位穿着闪亮礼服的美丽女士在一场华丽的活动中。,,
131,t2i,这是一幅宁静的花园景象，色彩鲜艳的花朵和茂盛的绿植在柔和的粉彩色调中显得格外美丽。,,
132,t2i,A magical forest where dinosaurs roam peacefully alongside humans in a whimsical world,,
133,t2i,一块银色怀表静静地躺在一个宁静的林地金字塔山谷中，背景柔和模糊。,,
134,t2i,一位美丽的年轻女王身着精致的装饰艺术风格长裙，站在一个对称的、超现实的银河场景中。,,
135,t2i,A pirate with a sharp face stands on a ship in realistic lighting,,
136,t2i,Pirates battle a giant worm in a dark fantasy scene with high detail and cinematic atmosphere in a film still,,
137,t2i,Two monkeys examine a red rotary phone on a sidewalk in a detailed realistic 4k masterpiece scene,,
138,t2i,a somber image of an aged clown with cotton candy hair and paint splashes evoking sadness,,
139,t2i,Family in a vibrant garden under the sun,,
140,t2i,a woman in white dress gazes at camera near fence,,
141,t2i,宇航员在未来的宇宙飞船中自拍，飞船内有发光的红外灯和复杂的宇航服细节。,,
142,t2i,Actor in costume holds a glowing sword in a dark room,,
143,t2i,A majestic creature in a vivid oil painting style blends shark and jaguar traits in ultra high definition,,
144,t2i,Claymation camping scene with happy bushbaby family barbequing playing toys in detailed Wes Anderson style setting,,
145,t2i,A vintage nature photo with 70s colors and film grain effects,,
146,t2i,这是一张2022年里斯本便利店的真实照片，其引人注目的建筑风格受到了阿尔丰斯·穆夏风格的启发。,,
147,t2i,A knight in armor stands in a dimly lit castle hall with dramatic shadows and vivid colors,,
148,t2i,A person holds a bowling ball in a fun pop culture scene,,
149,t2i,一个宁静的公园场景，人们在享受阳光明媚的日子。,,
150,t2i,这是一幅未来城市的景象，拥有流线型的摩天大楼和在夜晚照亮街道的鲜艳霓虹灯。,,
151,t2i,Modern city park with sleek design glowing in golden hour light rendered in 8k detail,,
152,t2i,天文摄影以超高清8K光线追踪的逼真效果捕捉银河系星云和太空云。,,
153,t2i,Steampunk figure with goggles and auburn hair in digital art style popular on art platforms,,
154,t2i,A young woman with green eyes and pink braids in a softly lit room with smooth focus art style,,
155,t2i,A futuristic robot artist creates stunning vector art in a sci-fi studio setting with global illumination effects,,
156,t2i,传统的日本艺术与未来城市景观在充满活力的数字世界中相遇。,,
157,t2i,一位宇航员在星空下探索宁静的月球景观 数字艺术作品,,
158,t2i,未来感十足的太阳能朋克城市，在暴风雨的傍晚天空下，拥有现代化的建筑和充满活力的城市生活。,,
159,t2i,这是一幅由多位艺术家创作的详细数字绘画，描绘了一位身穿盔甲和头盔的男性战士。,,
160,t2i,在氛围感十足的环境中捕捉到的未来感玩具，以详细的黑白紫外线照片呈现。,,
161,t2i,这是一幅夜晚的城市景观，色彩鲜艳，建筑未来感十足，置身于繁忙的城市环境中。,,
162,t2i,一只戴着复古面具的怀旧生物力学老鼠穿着长袍，站在巨大的花朵下，背景是戏剧性的灯光。,,
163,t2i,Shining blue forest with glowing foliage tall trees hanging vines and moss in a mystical scene,,
164,t2i,宇航员在夏威夷海滩上享受着阳光明媚的一天，放松身心，这是一张高分辨率4K自然照片。,,
165,t2i,森林和草原在宁静的景色中交融。,,
166,t2i,Toyota Celica turbo at night in Shibuya with detailed wheels and cinematic colors in photorealistic style,,
167,t2i,A bustling city square filled with people enjoying sunny weather,,
168,t2i,A workshop with colorful gears and steam pipes by a glowing window in 1950s style high detail digital art,,
169,t2i,A stunning sunset scene with warm golden light illuminates a peaceful park where people enjoy nature together,,
170,t2i,A princess in vibrant attire with intricate facial features in a fantasy setting,,
171,t2i,一位超级英雄站在一位政客旁边，观察着伦敦的一座著名钟楼。,,
172,t2i,一艘宇宙飞船探索了一个生机勃勃的生物机械外星世界，那里有色彩斑斓的生物和旋转的水涡。,,
173,t2i,人们在宁静的沙漠中欣赏一座雄伟的雕像，夕阳西下，天空呈现出梦幻般的珊瑚色。,,
174,t2i,为初学者提供的DIY指南，包含清晰的插图和文字说明，用于组装储物箱。,,
175,t2i,WLOP在ArtStation上以8K UHD官方媒体发布的史诗级数字绘画概念艺术正在流行。,,
176,t2i,a minimalist laughing skull enamel pin with fire flames in a vintage style high definition concept art,,
177,t2i,这是一张英雄冒险海报，展示了一场在繁忙城市夜景中进行的惊险救援任务。,,
178,t2i,a fluffy squirrel with cute fur in a forest scene,,
179,t2i,Two musicians meet on stage for a handshake in a concert hall,,
180,t2i,一对情侣在月光下探索雾蒙蒙的夜晚公园，2018年电影风格的场景。,,
181,t2i,A detective goose in neon dystopia core fights apocalyptic warriors with sharp focus and cinematic lighting,,
182,t2i,Celestial gardens with stained glass windows and hanging plants in a whimsical ethereal setting with godrays and soft light,,
183,t2i,一个穿着西装的人在正式场合中拿着一张宝丽来照片。,,
184,t2i,宇航员们在火星上享受音乐，这是一幅充满活力、细节丰富、色彩斑斓的数字画作，风格平滑、高清且半写实。,,
185,t2i,在一幅数字插画中，一个宏伟的幻想人物在戏剧性的光线中矗立，细节复杂精致。,,
186,t2i,这是一幅用自然光拍摄的两位女性肖像，她们的面部特征细节丰富，脸型对称，画面捕捉了她们的半身。,,
187,t2i,A scientist in a video game lab experiments with chemicals to create new weapons for players to use in battles,,
188,t2i,A smooth digital painting of a fantasy scene with intricate elegant details in sharp focus art,,
189,t2i,vector patterns are beautiful and intricate designs in art,,
190,t2i,Eagle view captures joyful crowd embracing in unity,,
191,t2i,a skull in a cowboy hat on a starry night sky backdrop,,
192,t2i,A detailed anatomical illustration of a human heart rendered in Unreal Engine 5 trending on Flickr,,
193,t2i,穿着达美航空公司飞行员制服的人形雄性熊，由艺术家们以细致的柔和光线进行风格化处理，并在Octane中渲染。,,
194,t2i,一位穿着时尚的女性在电影般的灯光下，穿着高跟鞋走过雾蒙蒙的城市景观。,,
195,t2i,girl riding a motorcycle in a cityscape at sunset,,
196,t2i,这是一幅令人惊叹的数字画，描绘了一位罗马贞女，画面在优雅的光线中呈现出锐利的焦点和精细的细节。,,
197,t2i,Witnessing a breathtaking sunset over the ocean with stars twinkling above painting by Karel Thole oil on canvas,,
198,t2i,Masquerade mask princess in a grand ballroom with elegant guests and shimmering chandeliers,,
199,t2i,这是一幅全身肖像画，描绘了一位身穿钢铁战甲的超级英雄，采用了电影般的光影效果和高细节描绘。,,
200,t2i,一位拥有黑色头发、穿着蓝色和灰色幻想服装的女巫在ArtStation上以4K艺术作品的形式走红。,,
201,t2i,一位卷发女子在聚光灯下欢快地跳舞，身着粉蓝相间的服装，脸上洋溢着喜悦的笑容。,,
202,t2i,在一个宁静的森林场景中，一个穿着紧身衣的蓝皮肤外星人通过自然的魔力变成了一只鸟。,,
203,t2i,请提供一个清晰的prompt以便我能进行适当的改写和调整。,,
204,t2i,秋天的树叶在宁静的公园场景中轻轻飘落。,,
205,t2i,A dancer performs on a vibrant stage in a colorful remake of a classic film,,
206,t2i,一个穿着防护服的男孩背着一个装有植物的玻璃背包，穿过烟雾弥漫的城市景象。,,
207,t2i,蒸汽朋克风格的长颈鹿机器人在一个宁静的日本花园场景中。,,
208,t2i,Elegant fox head torch holder in smooth digital art style with sharp focus and intricate details,,
209,t2i,Elegant digital artwork of a woman with flowing hair in a serene garden setting,,
210,t2i,Explore vibrant art styles blending surrealism and realism in a bustling cityscape,,
211,t2i,a simple drawing of a generic banknote in a realistic style,,
212,t2i,一个短发女孩在阳光明媚的天气里，在阿格德角海滩上欢快地跳跃。,,
213,t2i,这是一幅令人惊叹的马赛克艺术品，以阿尔弗雷多·坎德拉雷斯的风格呈现，具有逼真且细致的构图。,,
214,t2i,Elegant luxury logo for Nano a cosmetic audiovisual production studio,,
215,t2i,在一个赛博朋克世界的电影场景中，一个社交尴尬的机器人。,,
216,t2i,Elegant steampunk figure in brown blue dress poses symmetrically with detailed eyes in spooky middle shot scene,,
217,t2i,Girl strolls through mid-century hotel with symmetrical decor in vivid hues and fanciful details,,
218,t2i,这是一幅背景细节丰富的插画，描绘了一位英雄的清晰肖像，他以动态姿势手持一把武士刀。,,
219,t2i,在绿色雾气弥漫的场景中，有一个可爱的拟人化角色，场景设计精致优雅，光线效果戏剧化。,,
220,t2i,从低角度看到的一幅逼真的海龟在靠近一个装满历史文物的宽敞阁楼附近睡觉的画作。,,
221,t2i,在梦幻的数字艺术风格中，从下方仰望一棵高耸入云的树。,,
222,t2i,2044年，一位未来主义工程师戴着流线型头盔，头盔上有发光的电线和高科技面罩，在一个充满活力的空间站中工作。,,
223,t2i,A knight in golden armor holds a shield and spear under god rays in a sacred magic filled scene,,
224,t2i,可爱的动漫女孩穿着细节精致、阴影逼真的蒸汽朋克盔甲，置身于明亮、欢快的环境中。,,
225,t2i,孩子们坐在草地上，看着宁静的宇宙飞船在天空中漂浮，这是一个宁静的数字场景。,,
226,t2i,一个人站在白色背景前，以在ArtStation上流行的幻想艺术风格呈现。,,
227,t2i,A king and queen in a bright desert captured in a detailed studio quality CGI art shot,,
228,t2i,在一个色彩斑斓的数字艺术场景中，一位友好的篮球运动员遇到了一只巨大的友好怪物。,,
229,t2i,这是一张情绪化的户外照片，展示了茂密的深色植物，细节在浓郁的深色中散发着光芒。,,
230,t2i,Vernon，一个戴着耳机背心和连体衣的谨慎黑客，穿梭在一个具有真实比例的阴郁工业城市景观中。,,
231,t2i,这是一幅8K分辨率的数字绘画，描绘了一位穿着奇幻服装的女性站在悬崖上，俯瞰着一片森林山谷。,,
232,t2i,一张喜剧演员的照片，细节丰富，在ArtStation上非常流行，具有散景效果，使用90毫米f/1.4镜头拍摄。,,
233,t2i,Minimal acorn transforms into treble clef tree with vibrant colors and inspirational power in high resolution clarity,,
234,t2i,A child expresses joy in a playground scene,,
235,t2i,High quality portrait art with intricate detail and cinematic shot style trending on artstation,,
236,t2i,a young woman in a floral dress stands in a sunlit garden,,
237,t2i,一个女孩在一家灯光柔和、细节丰富的温馨咖啡馆里享用一碗拉面。,,
238,t2i,A detailed 8k render of a stylized character in dim lighting with intricate details and epic composition,,
239,t2i,dewdrop glistens on soft flower petal in morning light,,
240,t2i,Large spear-shaped spaceship concept art by an artist in space exploration museum,,
241,t2i,A student in a modern school uniform stands in a classroom learning diligently,,
242,t2i,在奇幻森林场景中，一只龙握着一把发光的剑，8K超现实数字艺术作品。,,
243,t2i,A student in uniform dances gracefully in a well-lit classroom with soft shadows and detailed artistry,,
244,t2i,Fashionable woman in boho style sits at night under red light with thunder clouds in sky,,
245,t2i,A serene landscape with a smiling figure in elegant attire amidst nature's beauty in soft light,,
246,t2i,这是一幅美丽的扁平化矢量艺术作品，描绘了一轮蓝紫色调的月亮，背景为黑色。,,
247,t2i,Children playing safely in a sunny park with colorful balloons and happy faces,,
248,t2i,一位受流行电子游戏和艺术家启发的幻想艺术风格的女士。,,
249,t2i,Screenshot of a character in a video game talking to another character in a post-apocalyptic setting,,
250,t2i,A girl in blue and yellow holds a flag facing a distant ship under moonlight in a steampunk scene,,
251,tie,把背景p成上海外滩,fb81398d8c0b47b088f0bb3f6cc95902.png,
252,tie,change the color of shirt to gray,f06685fcc15046aca726288ea996ddf9.png,
253,tie,Transform the image into a retro aesthetic.,4546a3a41eb9483b8082d16739cab3c0.png,
254,tie,Make the picture seem like it was taken outdoors at food festival,e387afbd7af44831a56cce88e328be30.png,
255,tie,Remove the red outline from the skateboarder in the air.,c2e6fdf24d9646c3acdd3765235e777b.png,
256,tie,Remove the cat from under the monitor.,42119230876347f3ab8547a280bbd47a.png,
257,tie,Add a bottle of red wine behind the glass.,55646b2dc5284fef8d81f456dc08e05d.png,
258,tie,"Change the pizza box to a plate of salad with lettuce and plum tomatos; change the man to a white female with long blond, straight hair.",a7f41f206c2348059b56bdf1983622db.png,
259,tie,Change the pizza into an apple pie.,4d4b6ae1568645e1b958e9629e4d0876.png,
260,tie,Take away the tallest tree from the image.,2ea6f3a0f3fa407ebd6c75f35124f869.png,
261,tie,帮我把背景去掉,ccbb99bd494946f99597e9d07237f345.png,
262,tie,Add some snow to the background.,7f9d734c66e54fb8b9b6fc0be7224997.png,
263,tie,背景换成在日式神社门口,a52757ec2978429f9177126d0ec16c81.png,
264,tie,Remove the cup with the pink drink,e8b979b0d4b3479293c843e6212d8a96.png,
265,tie,去掉他脸上的胡子和皱纹,62ae40ed9cbd4edc878ba997e4d6cb5b.png,
266,tie,Close the umbrella that the woman is holding.,a0e4f10cb93c4ca0bc1dd4bffbb6b680.png,
267,tie,The wheel of the back tire of the bike should be dirty.,04b5bc25acc8410c9a4a9e2b5fc3ba76.png,
268,tie,Remove all the post its from the photo,5c734cbbb78945ebac06da6436d36b19.png,
269,tie,车身颜色改成蓝色,d6e4b4ce3bc8467eb630022484affc88.png,
270,tie,turn the street light into a flag pole,e040422c8bf64a2bbcfb71b4d351868a.png,
271,tie,Add a cheese grater near the coffee maker.,e54e9cd85de64298820d40a36356b85d.png,
272,tie,change the frisbee into a lead anvil,13d84c8e5b3a4a118853418711933c1c.png,
273,tie,Edit the image so that the child's face is clean.,3b428760f9f142ac9c9bc23dc35e5857.png,
274,tie,Remove the blue skis that are next to the snowboard.,3156ae9f36e148ccae9bd2ae12e6eb11.png,
275,tie,Change the green leaf on the top of the front object to a toothpick flag.,1ac95c0e449d4798850e273b3f5b17e0.png,
276,tie,turn the cow into an orange kitten,4588920f809a44b9b2b3cf5d09acf66b.png,
277,tie,Make him grow long hair,d8fb6b34f8be4ce884ddf72e89e353ec.png,
278,tie,Remove the boxes from the photo,6e9975d4e0d5417f8371c4dd1c1c463c.png,
279,tie,Change this image to a Pixar style with a background of a vibrant spring park while keeping the character unchanged.,e4952042183143d38f816a56524f9749.png,
280,tie,Make this in an elegant restaurant,3e2a1701e0a84d7890cb2e69efb50cec.png,
281,tie,Make the room seem like it is on fire.,08c43cbe285f40a3a59e3e2dd18abe76.png,
282,tie,Add an advertisement to the wall behind the camera man.,18cf7fa0a3dd45c0b3d37109ba22fed6.png,
283,tie,"Can you Photoshop a girlfriend for me? Sitting alone is boring, and I’ve already left space for her.",66865d86cbe94116ba574eebe9235fbe.png,
284,tie,Change the background to a city street.,110ec477456a4d58bda9535c76be7dde.png,
285,tie,请将这幅图p成韩系帅哥,9e272b59b82a44079065958e3cb7253e.png,
286,tie,Change the cat to an armadillo. ,10c44c3bed3b440d81005e320f5b6cba.png,
287,tie,Remove the cows from the image.,e3e0c577ec80419e99e15a6cb01e81a3.png,
288,tie,将狗替换为机器人,02c80f656344431cbf6174bc057d145e.png,
289,tie,这是我的照片，请修改变帅一点,acdd3cfc5d884d37a6b98e88e6cc008a.png,
290,tie,Remove the printer from the shelf under the laptop.,d2e0f2fcdc994926804fd54637ca7e3a.png,
291,tie,turn the players bat into a turkey leg,2b2bd0bd568b4a2abff9b5f1f616ba86.png,
292,tie,"Make his skin smoother, no wrinkles",2bfcdeb3b584430e938299c361cafef3.png,
293,tie,Remove the person from the top of the boat cabin.,96f2a3e6cbc44561bb240d35133d56bb.png,
294,tie,Add a shark to the water.,503b1bc19a864b27b5f82336c702c628.png,
295,tie,change the tent into a floating UFO,2fab9ed4b4214c4abc86d89638443e85.png,
296,tie,帮我加一个墨镜，要帅气风格的,efb7b89e1eb94d00b2ef7d193d0cf2ce.png,
297,tie,Add a grasshopper in the grass.,4ecc4e6dff924224a8b76c420067e0a5.png,
298,tie,Add a lifeguard station behind the people.,d46cae5eace24289a48b9b6918614802.png,
299,tie,Replace the person in the mirror wearing a white shirt with a wardrobe.,153c54b72c504cb685ec6e73422c6340.png,
300,tie,Change the fork to a knife.,141cb3b6fa224e429fafa98e278c29c2.png,
301,tie,Add a robot walking down the stairs on the right stairwell. ,37bf2cedc6c545bd830e0cb2fd110814.png,
302,tie,移除女人,336e1df11dcb44719f8d7bcce5242b5c.png,
303,tie,Remove the cat from the image.,b18e02cb01784a978149a88106b66bef.png,
304,tie,Remove the cat from the sink in the photo.,f9159d6c5dbd4a308a68dd3d0abd4c8d.png,
305,tie,将这张图片变成现实风格,d17b8f06838240aeb463dd4e11b1980c.png,
306,tie,Get rid of the last train car.,ec7713b28cf54232adc6b3459aea70ff.png,
307,tie,Overlay the ground with small white flowers.,e85a978f557f474d8cee6563cc5b644e.png,
308,tie,"Remove the number ""892"" from the front of the bus.",64a2a5c5d1a347daaa67ce54ab725682.png,
309,tie,帮我换这个头像，蓝色色调，内容保持,cb566a018c8148b3b8c7ac3c53bc0cc8.png,
310,tie,Remove the person from the image.,906aaaf953cd41b9ae374849e38bca10.png,
311,tie,移除货运列车,6156a5a0918348ea80fa2416d88e96b1.png,
312,tie,Add a gazebo near the rocks,77103701589846c39731aa688813e2f9.png,
313,tie,Replace the tennis racquet with a table tennis paddle.,4f5bf53af97248b4aaff799bbfdbd912.png,
314,tie,Replace the broccoli with green pepper slices.,76c5d744f1ba45fcab51754cb70a5115.png,
315,tie,照片上的人物给我抠图换警察衣服,c9ff2f6413ce4d6b940a42421f832ad5.png,
316,tie,Get rid of the brown toy that is in front of the cup.,bfc05b8f356f464f9da0a8687d6af091.png,
317,tie,turn the grocery sign into a liquor store sign,490c579dbc824bd3a879ede004ba71c2.png,
318,tie,Turn the bag stand into a glass counter.,b07ba61f9bcb402f9bb34e4ed7b0617d.png,
319,tie,Make the boy have a shaved head.,a6795503282548f69885340e93f8f147.png,
320,tie,Make the room look like it is on fire.,f8d3efbbce1d441988cbe6231be81418.png,
321,tie,Add strawberries and bananas to the red bowl.,974bc937522047b28af80a58d5d70b68.png,
322,tie,将大象替换为长颈鹿,9b9e6c1b0b5f46cfbdedd7247575e031.png,
323,tie,把桌布颜色变成亮红色,1397eecdf4a24c5aaa64982546254909.png,
324,tie,Make the photo seem like it was taken on a movie set.,8cfebeb5c6cd4ec08a4cd0adee925b57.png,
325,tie,On the hot dog remove the chili. ,062434f05a3f47d488e6ff6707dbcc4b.png,
326,tie,在碗旁边添加一把勺子,e12ea390e8464fc6a4106afa589a7d65.png,
327,tie,turn the chair into a stairclimber,ae29b435305f4bdba446f619491ae11c.png,
328,tie,Delete the blue trolley from the image.,1ee9c4c996284bbeb49fd3278ff71db0.png,
329,tie,将图像风格替换为奇幻艺术,92fd3859f59a4c969d594322047dbc4d.png,
330,tie,Remove the eyeshadow and lipstick.,243e1a7da40840d898f1989b254b102d.png,
331,tie,Change the doll’s material to cotton fabric.,acab5585a1b04dbc8d9e9989e38ba882.png,
332,tie,Adjust the image style to a bubble-like aesthetic.,8a8ec07f87784979a0bb1349b6c380f3.png,
333,tie,删除肉饼,531ca831c484428280f335e40390fe79.png,
334,tie,Get rid of the shadow of the covered area.,0bf3a6576e4848d0afbdb7fa4bbc2d86.png,
335,tie,Delete the two engines from the airplane's wings.,baba2da5a39b49679299ca0369ff9056.png,
336,tie,Replace the green cup and its light-colored saucer on the table with a pen holder.,babc524ea15a4e108fdf100e7eceb414.png,
337,tie,Remove the striped black and white tie the man is wearing in the picture.,4a0e26a499484e4e8c86316331b157fa.png,
338,tie,把图片中手上拿的手机p掉,9d5c25c90732443ba17fa32ef4834276.png,
339,tie,Make the scene seem like it is an outdoor flea market,a987901d75b24e2181c2a9b12a4bff85.png,
340,tie,Get rid of the white polar bear walking on the rocky soil.,fd05e9591ae744b4979b3fafcbe1fe10.png,
341,tie,Change the sign into a stop sign.,0e71931c544c4c1da0ef8a202427da94.png,
342,tie,Add a person on an innertube floating on the river.,19bd34b60266431fbb44da5f56493940.png,
343,tie,Change the bowl into a styrofoam one.,1e92a5b916904b33bf54f073b1a0c5e7.png,
344,tie,Construct the elephant from bricks.,91b4ebc8117f47c99a1b8736a53e8504.png,
345,tie,Make the photo seem like it was taken in a hotel bathroom.,6b8c797e2e254247a8fdece6f9901188.png,
346,tie,Change the grass to sand,08247d18266747279c96242df1598dfe.png,
347,tie,Remove all the grass. ,7894668fb31b4929865576808e09e6be.png,
348,tie,表情伤感一点,24bc41da14a94f2d956d12865e72aff9.png,
349,tie,Make the person sit on the other side of the bench.,9db0739fa79a412fa68796f8f2fc460c.png,
350,tie,将她的头发染成棕色,d79c76629ee8421b8eed2c267f87de2c.png,
351,tie,Have it so that it's sunny outside. ,00477d219d8d480fa78380405b0e7480.png,
352,tie,remove the pizza,7531349946354e4d80a421f1f35cff4f.png,
353,tie,Get rid of the white and yellow snowboard stuck in the snow on the mountain.,63e17a281ac34e18a950b34dc559ee7c.png,
354,tie,让图片人物竖大拇指,2c69b68d2e4c4400b16e66e3da283adc.png,
355,tie,Make the picture seem like it was taken at night,9eeef6dae82b4ca39287e33ba4500798.png,
356,tie,Generate an image of the character smiling based on this photo.,d3774e136a514d2aa7f9b7ccdf9b8c8a.png,
357,tie,变成水墨画风格,095786a544e8494c97af5b1097df41c2.png,
358,tie,Make the picture seem like it was taken at night,12db395aaac24933ad77a299eff83f77.png,
359,tie,Add a black short-sleeved T-shirt to the upper body of the person.,2617b2d2c9e24b96b008cc91c1d72e97.png,
360,tie,把它画成q版的,4acf5e0fa76c4d1cafe8b7902f49dc51.png,
361,tie,"Add clothes to the person in the image, make their gaze slightly disdainful, and change their posture to a crossed-leg position.",ebfc1672cf944165b96e082ce2385dcf.png,
362,tie,Change the background to a spring park while keeping the person unchanged.,ffb7309ca7664e58817d6b89cb66297b.png,
363,tie,Add a pair of white shoes on the floor,aa8136bbaeae467795d4eca70775ef52.png,
364,tie,Remove the tv on the left from the wall. ,aebc8d607c2d487fb9f0f8f31c5c2dca.png,
365,tie,Add a Christmas wreath to the middle window.,a01812b81d9c4752807dda871101f56d.png,
366,tie,change the color of goat to yellow,ae0b62ea61f6460cb4f7f3bd2405fac2.png,
367,tie,Make it look like it is sunny weather,d6db443c7a2245c988b702d64245361a.png,
368,tie,Add a spatula picking up the food,dc4bb91cc0b8472f99f54f58a5066ed0.png,
369,tie,Add a luggage rack to the red car,807fe403191841f8b613b2f781cb1f02.png,
370,tie,Get rid of two of the three lights.,57603a864a5c487292ccd9a32d8bd0a0.png,
371,tie,Change the image so it appears to be easter.,df577c6648dc42808bfd50646eaaa841.png,
372,tie,Add a blue rug on the floor below the man.,16589af7115241dfb37d980f9677c0ef.png,
373,tie,帮我点燃一下蜡烛，增添一点烛火,1ab50f0546ce447f9902927c9bcce795.png,
374,tie,Add a cat on the counter top.,be0a9e9035334b8ab16e5b2938f153dd.png,
375,tie,删除窗户内的女孩。,ae574d5922cf42edb9b163ffb6d83c3d.png,
376,tie,Delete the roll of toilet paper hanging off the wall.,6312262d002742f19fa8c22fc0f032b6.png,
377,tie,Make the picture seem like it was taken during the fall,7b0b01a177a74f7abedf0b5c03485178.png,
378,tie,Turn all the stickers on the refrigerator upside down,2e1384a7cc8e468a83e40e68f07fdf58.png,
379,tie,Remove the sprinkles from the donut closest to the camera.,e167bfabbe224f02b20cc99badb0eb3d.png,
380,tie,add a tennis ball flying towards her,e07e6ea4945d4b988f2f9f060de22e1b.png,
381,tie,Add a blue BMW to the driveway.,5b89b68dc2c34687a067df8b31a5ad43.png,
382,tie,請把車子外面的那個女人移除掉，其它東西的要保留，再重新輸出給我圖片,c386cb827eb046eba5792f77b9fc3492.png,
383,tie,将孩子手中的水晶替换为发光的方形盒子,b5b62b139c984048aacc4331d0f16865.png,
384,tie,The people should all be standing on the left side of the yellow lines.,dc09c1b6b9af4f8e9f3243d137180318.png,
385,tie,include a table with a plate,cd95a90bb27d4265ba705c4c43b7aca7.png,
386,tie,Remove the hood above the stove.,2957dfe760574a72be9032de54e18fe3.png,
387,tie,Add a green stocking hat to the cat's head. ,1bfc3f1cf15a4ba0ad460acdf1911b82.png,
388,tie,Take the Apple logo off the mouse.,662b56684a714194baa0468cd66a9bc0.png,
389,tie,Add a knife to the center of the clock. ,951d93542508497695e067063ef1562a.png,
390,tie,Remove the music stand and sheet music from the stage.,8c60a8304a9a4859a9245c9577d7595f.png,
391,tie,Remove the people from the background,d81b303338f74bc2ae6993952942e19a.png,
392,tie,Remove the hat from the head of the person at the front right of hte photo.,46d4bd0680074ae6b4b5697c82863aa1.png,
393,tie,Add a baseball on the counter,0bd573f99c9242148acb6437498eb1a9.png,
394,tie,Make the photo seem like it was taken during a snow storm.,7b4ad21e8fa7499aacdecc2b4a6f6a69.png,
395,tie,Add a black hat on the man's head,ad18bd77771142deb25fe9ea454efcc5.png,
396,tie,Fill the room with a large family,cac2003fc665451590f49efb27492d99.png,
397,tie,convert the basket to a green bucket.,f8f39377ae8343afa4bf0cc7b66ceadb.png,
398,tie,将图像风格更改为气泡风格,f128c8c5f0be4276a5cce1b3fe585188.png,
399,tie,把脸p好看点,25f71f7fdca440aeaec7eaca28bd8269.png,
400,tie,turn the long grass into brown hay,bdf5b3aabd7f48bcb03b7ca0b18d9dfe.png,
401,tie,Add leaves to the trees.,c1a03bcb30a84dcaa8c999c6857d3bb3.png,
402,tie,Make my face look better.,73115ddf5eaf46b59157a74faa95dd7a.png,
403,tie,让她看起来更加年轻,703cbf59806f40e39952e8b74a3f08a4.png,
404,tie,Change the notebook into a document folder that says classified,3f6eefd3063f48179836ceed9ff3a6f5.png,
405,tie,在图中人物旁边添加一个中国年轻女性，笑容灿烂，清纯类型，形态自然，图中人物不做改动,46c6d36d57bb4cd8a5b1380483e2ec53.png,
406,tie,Adjust the background to a beach.,2fb9d8cbd4f6488ab17282d36511f31d.png,
407,tie,Create a rubber-textured turtle identical to this one.,98d29f4968ab4f6183103aa06c143cd9.png,
408,tie,Enhance this photo to make me look better.,74e0b77ee70c456e94309e37482848ee.png,
409,tie,Add a Darth Vader Poster to the wall.,e3a613ce3ab146f5b4a6c7691565d895.png,
410,tie,Change this image to a white background.,a859bacd88414852a6852bda0ec6fff8.png,
411,tie,Make this into a wedding cake,7489fec22f0f44c9ae43a51e27bb798a.png,
412,tie,Remove the cat from the top of the tv,7dc51bfe1fab405fbb63eca370b683a5.png,
413,tie,移除红色哑铃,ba035d0be5724c7bad5e49d891b6c0f5.png,
414,tie,Add a bowl of oatmeal to the table.,9d9552d83c80453c84ed2a35bd8bc9c5.png,
415,tie,Add a bowl of fruit to the table.,52911dfcedf14259af165b458014140b.png,
416,tie,Insert a doll on the ground in the background.,1dc08e85783f463799e329a664aceee5.png,
417,tie,将镜框的颜色改为橙色,eb7a74c6c2e543638b8142e6c6345c1f.png,
418,tie,Remove the picture from the back wall of the bathroom in the image..,1ec2dfefaa9c4768a958bb26542749f9.png,
419,tie,change the firetruck into an ambulance.,1824adb463ea46899b285237a2480d5d.png,
420,tie,把她P的更好看一些,c251e1abab4c4276881bd0396ba5836a.png,
421,tie,可以在这张图片上加上企鹅的眼睛吗,c3e2e28d08a94872ba71b6c8f2d0626c.png,
422,tie,Have it be rainy and wet.,730d542ef6074faa87237d1e46dcb06b.png,
423,tie,Get rid of the large trash can behind the young girl.,ed65b743eea94d72af05ac33b5972f93.png,
424,tie,Delete the tennis racket leaning on the bench,43896829aba94d918ae1548bb22994c3.png,
425,tie,Remove the bicycle between the two people.,8233c308929d43ddb6c2ec98bc23c036.png,
426,tie,turn the grass into the ocean,7dca8f4da753412bbe486737bfbddd8a.png,
427,tie,Replace the baby with a puppy.,8d6f2323dd3849d4ad73af40120447c0.png,
428,tie,删除白色护栏,4ffefad9f5674f8e9c97215828fc19dd.png,
429,tie,Add a green blanket on top of the dog.,8db2197462cb4fe480337fbbf09db7d6.png,
430,tie,Generate my adult appearance.,47f1e79b1a85471d9013b013459f9228.png,
431,tie,Remove the cheese from the hot dog. ,1d775485af1e4ba1ab435f0ebbc4844f.png,
432,tie,Make the photo seem like it was taken during a rain storm.,a0264e93cc354c49bba9a13de40c36b4.png,
433,tie,Adjust the image style to a watercolor effect.,95074075131e4877bf1ca7fb95c339e1.png,
434,tie,Get rid of the spots on the banana.,3a20ad1fa7194f51984b0371be33feda.png,
435,tie,渲染成皮克斯动画工作室的3D质感,38ed8dc7a66842d5ba9a3fd41e5f4939.png,
436,tie,change all the colorful sprinkles into grains of kitty litter,8a4be536ceb84bdbac4882705fda8afb.png,
437,tie,去掉他的胡子,461af439c9854276a0e7b9c3712831c7.png,
438,tie,以莫奈风格进行重绘,d02d4c2f979145d69c98da3bbb98b815.png,
439,tie,Add a lion next to the elephant.,f069230897c6411d8379a504026c3e98.png,
440,tie,Insert a white cat sleeping on the seat of the red motorcycle.,5455daad791a488ca9dc09e2330179fe.png,
441,tie,Add a pink toothbrush to the counter,aafceeb55d8448d184bb5dae3765a216.png,
442,tie,转化为日本动漫视觉风格,de5abfd288c744d8b81519954f0c3c93.png,
443,tie,Add bleachers behind the fence,3115506e96c049f0925a8e291a686790.png,
444,tie,Put a white plate on the counter. ,9ef6dffb5ce94f098180d07f5f0e3b84.png,
445,tie,Add a man walking next to the other man,426b60e6fc90461d8b90d72b70dc6ca1.png,
446,tie,make it lighter outside,860a35c293ea42b994d11690e3ea7e26.png,
447,tie,Remove the knife from the photo,6f63b388cb764c7fa70da468db6068fa.png,
448,tie,Remove the building from the image.,1a2ad142801b4380bac7d4e2c6645c82.png,
449,tie,Add a bottle of ketchup to the table.,e5ca5d5d5df74975b32f9366d5db6f81.png,
450,tie,Add a plane in the sky,8c7cd38dacf24442b5ab7b7c9d188941.png,
451,tie,添加一只围绕猫飞舞的蝴蝶,c63789e989c14fc5b0ca1d7bb5eb9b12.png,
452,tie,include a butterfly landing on its mane,c58c9fcc19d94cad95f3e7ba4642e1b6.png,
453,tie,Change the white bench to one made out of wood.,30a67581784e4a74885814055570657f.png,
454,tie,Add a hot pink mohawk to the mans head.,4194c0af52db492aaeea5af7f7570aeb.png,
455,tie,Add a small teddy bear in front of the book. ,1a7fa832024d48ee92b1f6b5b38b42cf.png,
456,tie,Add a bench bu the tracks ,0cb463ee5ab14319b6ed5d999d5592ec.png,
457,tie,Add a basketball going through the net.,0b624c6a27b8422080de620ed08ef901.png,
458,tie,Replace the ram in the very forefront with a medium-sized sheep dog.,f42c674c858b4955801ab08e5d46845b.png,
459,tie,Add a stop sign in the back of the photo,d5aa549121bb45919ab3e0b73857b4ba.png,
460,tie,Add a man riding a jetski near the surfer.,bddda1ab0f844d67989288e8445378a8.png,
461,tie,Get rid of the hat on the closest snowman.,ed4d12c0eb5640fb99f95cef31d360fc.png,
462,tie,采用宫崎骏动画电影的美术风格,8233ab7e129f4bbcae3821af8542541d.png,
463,tie,将背景调整为海滩,cba2ab69fc154c29b7d55391fb8e5a4c.png,
464,tie,Add a toy doll sitting on the blue chair.,b3d300c4053540af82f035a45c6c4df2.png,
465,tie,Change the hat’s material to paper.,b337de35437240d8934e6bc85cebf175.png,
466,tie,Add a cat jumping in the air in front of the womans hand with the mit on it.,29fad974d78441929815d0452488fd67.png,
467,tie,Remove the bag from under the cat.,31c8d99c0f5942769954a0a71ef9e4d7.png,
468,tie,Add a green hat next to the glove,a7a70ec01530442d95b6a5bac8dc42b4.png,
469,tie,Remove the bangs.,a1de9df9de264be6be1a64d478307fbb.png,
470,tie,Add a whale to the mural painting on the wall.,f52d4108e97a41ca8462dfc7bbbed4cd.png,
471,tie,Remove the sink faucet from the sink.,0c00312f75354d7cb4cc1c88bf2cc07f.png,
472,tie,Delete the small cake that has the number 30 written on it.,61072007c5a0452eba32967fadeeaee8.png,
473,tie,将蛋糕换成馅饼,7d0e5e5c3e444b0caba2994ed20a03ba.png,
474,tie,Add a trash can on the floor to the left of the toilet.,8863c46534ac49f9957d383068d0268c.png,
475,tie,把他P帅一点，眼神锐利一些,b1c00eda3a34448daaecc9bd6f872369.png,
476,tie,turn the poster in the back into a window.,4bcab552a51a468e93086cd1a77be44d.png,
477,tie,Make him lose 20 pounds,f1ec388fe5a4455ca4f191be1ed13c4a.png,
478,tie,Remove the house in the background of the image.,9c69764621ca47f89a82f968108d2fb9.png,
479,tie,turn the blue door into a tie dyed curtain,9df6f5bc96ed4f0db09d7896dbe14b1c.png,
480,tie,Add an elephant to the toothbrush ,3ebc6a699e4548f9a8ad7c6edac727aa.png,
481,tie,Modify the background to be filled with blooming flowers.,ce3497c4c4bf428384dde52fcefad749.png,
482,tie,Add a  brown dog jumping up to catch the frisbee,aeec29571dda4a01b3e9f293c79c4fd1.png,
483,tie,Remove the sign that says Library. ,b1a2c00ff30644bfb218939d394b4c50.png,
484,tie,移除黑色帽子,5231d23f3cef47eb98ecfbd30e5aac2c.png,
485,tie,Remove all the peanuts inside the white bowl. ,7e2858587a154eb98dc31149ecbb1eec.png,
486,tie,Remove the tv from the photo,d08fc0e55836427a887463a4a8c837d5.png,
487,tie,Change the bench into an old-style iron bench.,4d28879e392e4e42a034030fa21273a2.png,
488,tie,Make it so that the street is no longer wet and reflective.,130f336991f84d608b7cb923f75453e6.png,
489,tie,将背景调整为沙漠,7cf6d7eb31254006b45138f23140c814.png,
490,tie,Change the image so it appears to be foggy.,60774e42906744b1bb27f5f24704d792.png,
491,tie,Remove the helmet from the man's head.,85328cb0439d4b5fb1bf8a0d00cc4a8d.png,
492,tie,Remove the knife from the photo,cd35e4eaa7694adb9aa8b4b2eac1977b.png,
493,tie,Switch the image to a high-resolution Impressionist painting.,d8969190dd154e89b2eb32c0c9a0ad5d.png,
494,tie,擦除斑马,b838f4e6a3d34916ada7b131a03e1123.png,
495,tie,Add a cat on the bed.,cad41a590a5b45228a7d58a0778e0207.png,
496,tie,Add a can of shaving cream to the counter,41a62956ed3e4feabceb071ab0276527.png,
497,tie,Put a green bookbag to the left of the white laptop on the bed.,81388a628a6340b6b5bd366e87e66754.png,
498,tie,Remove mirror above the sink in the picture.,c38e3efcc4e5498e92ceddb781a8c259.png,
499,tie,add a person standing next to the bus,1d928dd9e909445a9882eaf7435909b0.png,
500,tie,"Retouch this photo, making the hair platinum blonde, improving the hairstyle at the ends, and making the fireworks more brilliant and colorful.",e3982b71c99c4753a269aa8ba8c279dd.png,
501,vttie,"Add the letter ""B"" to the baseball.",52c985f976574561acef2f8915ebf62a.png,
502,vttie,Add the word 'room' to the white wall to the right of the lamp.,fa70938c664c48d5aaab98298cfb185c.png,
503,vttie,Add the word 'bench' to the ground in front of the bench.,786c0f0b5cc54e23b2592bb3bbb55a7e.png,
504,vttie,Add the letter A in pink frosting to the top of the cupcakes.,2881819abdf44b2a921f3380edb722d1.png,
505,vttie,Remove the word 'park' from the image.,2bd91a5ef8f247d2a87c357f23cdfec5.png,
506,vttie,"Add a sign that says ""Free Rides"" where the man in blue shirt in the front is holding. ",a0232b7198624bcfa508aa5026cc8dc8.png,
507,vttie,Add the word 'grass' to the grass.,3ce92a0658c1446cb7c5064fcd7f9525.png,
508,vttie,Add the word 'cat' in white above the cat.,7449942552d64e3cb1316d9da63f0ba2.png,
509,vttie,将文本 'CLASSIC MOJITO' 替换为 'BABY MILKSHAKE',1bf77e1dbd4e4d78946bb08a2ba19857.png,
510,vttie,Replace the text 'duolingo' with 'greenowl',cdb0706754f041728fd94eb856dbd206.png,
511,vttie,Add the word 'brushes' above th right brush.,268e93573b08449883230f72a14963c5.png,
512,vttie,Change the title of the book to The Teddy Bears' Fall Picnic.,07da5d57295e400aa73a856086793b22.png,
513,vttie,"Add the letters ""CBS"" to the black band on the 4th surfboard.",ea6e642f121741cdb346b8f77ac9814b.png,
514,vttie,Change 'guiness' to 'rich'.,87146b2a2ab344099131168e9f2876f9.png,
515,vttie,"Add the word ""Elegance"" above the towels on the wall to the left.",8ff87b882b9740269c3d5a2ef0deadb4.png,
516,vttie,"Add the word ""PAWS"" to the lower center in small letters and italic.",6043355d8af54e5db8f66618511816a7.png,
517,vttie,Add the word 'cup' onto the white rim of the cup.,70855c2c2b1549199da2d30409f1f6fd.png,
518,vttie,帮我把诸暨两个字改为永康两个字,8cfaf5806dd34e0e9fd4d100897363ce.png,
519,vttie,Change the number from 27 to 72.,7bc2e5e2aadd4989b5aabcc6e10e17bc.png,
520,vttie,帮我把“致青春”改成“致少年”,d4ca4aaa0f9c4b878d51f841267c2044.png,
521,vttie,Replace the text 'Science' with 'Nature',2746d8b4c0694d61b7401c53e5d48fc3.png,
522,vttie,Remove 'copy chief from random house',15a74e41b3ee4951bb0203ad27d5be1a.png,
523,vttie,Add the word 'helmet' to the helmet.,344a74f8741449c2be92bd662aebc8f2.png,
524,vttie,Remove the words This is camping from the image.,780d1e428f4e4b8795d7c56b80559f9f.png,
525,vttie,"Add the word ""Office"" to the wall over the phone jack.",c3050eebcd2244ed9857e8c5ed5b4004.png,
526,vttie,"Remove the word ""Stop"" from the red sign.",de820ddbe03647f889cc13dd4da50b06.png,
527,vttie,将文本 'PIZZA' 替换为 'PLAZA',ecf86efce780400b92c2b5c5a1bdf21c.png,
528,vttie,Add the words surfs up to the surfboard.,a64d4bd46bdb437386a36c35711f767f.png,
529,vttie,Add the word 'nike' to the front of the white shirt the right girl's wearing.,fa246916ffc4434b880a09d01589bcb0.png,
530,vttie,Add the word 'happiness' across the bottom of the image.,c602f2f5aedb47e690df2447af8b7438.png,
531,vttie,Add the word japan to the ground.,574467554b9b4d509cf13533c4061377.png,
532,vttie,"Change ""这么任性"" to ""这么任意""",a42b471a4cfc481d88ee0f2803050f8b.png,
533,vttie,Change the text '10000' to '18000',a26655d1444742dd9c17008dbe8c1b82.png,
534,vttie,Add the word 'safari' in cursive to the bottom right of the image.,d965a80f1e6a4e19b5242e6a1fbf2137.png,
535,vttie,"Add the word ""EXIT"" over the doorway.",59ad23c40a974aa3967de18760a3427a.png,
536,vttie,"Add the words ""why the long face"" over the head of the horse on the left.",04a2fc66c00b41168b8d5bb7d4c48422.png,
537,vttie,"Add the phrase ""Wall Street Week"" to the lower right corner.",9f4b96ba0d9d48e8b4fe381a31d5ccdc.png,
538,vttie,Add the word 'knife' to the knife's handle.,9c7e3c26124848a4a5e15559468ab63a.png,
539,vttie,将文本 'SUMMER' 替换为 'WINTER',bb5d8ce4f8494c2982beedefd11037f8.png,
540,vttie,Add 'GAMES' in the center of the image,70177d55cbfc460d9bb1b1a3352b4cd1.png,
541,vttie,Take the words off the side of the car.,96af21bc333f4cd894300bc21cf21efc.png,
542,vttie,Remove the words from the bottle.,37980a791aac4b0b9c6c5c200b3bd69d.png,
543,vttie,"Change the quote to read ""Happy Hour 5:00"".",3afea8096f8747a09b6f76db2310da8c.png,
544,vttie,去掉“copy chief from random house”,aef36bb0837042c69d18ccb5e9130525.png,
545,vttie,Add the word sky to the sky to the right of the trees.,9bae360ce7924fc9bc6b1e69976b2c43.png,
546,vttie,"Modify this image directly, do not generate a new one. Add the four characters ""彷徨之刃"" on the left side.",80405b3bff4942a79041cfeb1a2fe4e4.png,
547,vttie,Get rid of the time stamp at the bottom right.,cd2369773e324a49904674a523e3491c.png,
548,vttie,"Add the phrase ""CAT REMOTE"" in small letters.",5e4d0e958d484410b52c93cf9a2ebecf.png,
549,vttie,Replace the text 'Ziel' with 'Porte',19eced5e0b6045ac806516d06f2999b9.png,
550,vttie,Change the 911 on the ambulance to 411.,d259fad307364fb1b1dca139f185d110.png,
551,vttie,Add the word 'dawn' to the sky.,e5a525e60cf64d17bce331cd35073179.png,
552,vttie,Add the word 'rose' to the rose vase.,125857d27c8942118bd9958f75e70e8e.png,
553,vttie,Add the word 'fork' to the right side of the fork onto the white plalte.[,7e9f26871cd9463595fea9b2cd52d70f.png,
554,vttie,Add the word 'surfboarding' in white to the sky.,7d9cfe6c899545b1a2e8f844bbdaf2e7.png,
555,vttie,Add the word 'bikes' to the floro.,6103bf906e8445e881aa2c29c88fa152.png,
556,vttie,Change 'donuts' to 'bagels'.,48b3ebb8ad194f15aa48fff5fd509306.png,
557,vttie,Add the word 'lamp' to the lampshade.,867e3aca66874958968ee06b6b31598d.png,
558,vttie,"Add the phrase ""Nite Nite"" to the wall behind the bed.",82a2dceb952244d2a7cf0b88f18a419c.png,
559,vttie,Add the word 'peace' in blue to the center of the white shirt above the existing graphic.,19b2cd57a3b34e4c9d9ee7ecce61473a.png,
560,vttie,Add the word 'wtf' to the top of the image.,cbf2ec0310394b7aae63066eb9994ac2.png,
561,vttie,Add the word 'cow' above the cow.,794550fcf532459c825b52e6be517f4d.png,
562,vttie,Change the text '23' to '45',0f604667c4c04ec1a3e4b0d03b4e5bb1.png,
563,vttie,去掉文字,e8b56b7fea8b469db65d549973f4836a.png,
564,vttie,Add the word 'dog' below the dog.,07b45b496b39409389111b3cbaab530b.png,
565,vttie,Add the word crazy above the figurine.,ee642e1e212d446aa9e466883a7caaad.png,
566,vttie,Add the word 'ceiling' to the ceiling above the left person.,8967f5b2af924a5a9a3f21ecc293f0ba.png,
567,vttie,Replace the text 'WOOD' with 'LAND',a128dc30c8244d6f8d084ab608924043.png,
568,vttie,Remove the text from the image,bf13eb7364a84d369c0a35eb5a505cf1.png,
569,vttie,Change the text 'ESTATE TACHEN' to 'Timeless Fashion',1f9e3c0e19734929a57fc09f564264e1.png,
570,vttie,Add the word 'sandwich' below the sandwich.,830b01569c8f4283907dcc7856cc9c68.png,
571,vttie,Delete the yellow watermark.,a0acfee6718448e5b99367c1558149b5.png,
572,vttie,Add the word 'oven' to the bottommost door of the stove.,b8a2e71cd03d4157b0dd5b1ac931b5e5.png,
573,vttie,Add the word 'bears above the group of bears to the left.,5279791d36ae4f9c8bcb3852b02ae22a.png,
574,vttie,Add the word 'oven' to the door below the stove.,320d3f44f9c140f4995a0869a041b4a8.png,
575,vttie,Replace the text 'NATURE' with 'SCIENCE',db6f8d05b99b4e189be0521b3502aa10.png,
576,vttie,"Add the word ""SAMSONITE"" to the black suitcase.",31d2ce8078a84871bb2a4bbf6be84cfa.png,
577,vttie,"Write the word ""moo"" with tree branches.",b34e989570954ff49bb6313d782717ed.png,
578,vttie,将文本 'FAIRGROUNDS' 更改为 'PARKWAY',16669b635bf249f9aee4b3dce548e2ff.png,
579,vttie,Add the word 'couch' in gold across the back of the couch.,3986aca39b914e988deee7aa6e39d37d.png,
580,vttie,"Add the phrase ""A GOOD MEAL"" on the lower left corner.",bc8822774da04f7aa66b40713a6c07bc.png,
581,vttie,将文本 'TOFEL' 替换为 'IELTS',fe307079f2db4069b5354a6c193af652.png,
582,vttie,黑板上写上“SMILE”,6ac3ab302b7144cda925d4b86918338e.png,
583,vttie,Change the words on the stop sign to think in green letters.,ce72d8a6dd04459db83ae1ce613f4281.png,
584,vttie,"Add an ""S"" to the left hand shaker.",97879bc3dd834274be0b1313185451e5.png,
585,vttie,Add the word 'tennis' to the top right of the image.,fb18c4c10afe463bb186e45b1f22c071.png,
586,vttie,Add the word 'animals' to the top of the image.,76bad7968d8a4a04be952bbdf3eded27.png,
587,vttie,Add the word' kitchen' to the white wall above the stove.,8ef69e39e1ff4c34a7b418faa25363d9.png,
588,vttie,Add the word 'bus' to the ridge of the top platform of the bus stop.,98352873c9ce41748ec9193d93d3e134.png,
589,vttie,Add the word lights above the string of lights.,dce2600a3a6b41c0bc97d6c4f6a28b10.png,
590,vttie,Add the letters of the alphabet to the wall at the border of the ceiling.,bad6a2a910fc40bda55ba712dca40a1d.png,
591,vttie,把“古堡惊魂”删除,7e7523a5d3fc456490663e7a7cf02eec.png,
592,vttie,Add the word 'beach' to the sky.,d4559a502b764f6395835545bad92bfa.png,
593,vttie,Add the word 'ceiling' to the ceiling.,7530dd40e40e48efa1f993db91ab304f.png,
594,vttie,"Change ""36-6"" to ""24-7""",1129a9c0bd4341bc93b524179e3f46dd.png,
595,vttie,Add the word 'dog' to the top left of the image.,c774aab5acdb49ce9798e9176a1f885d.png,
596,vttie,将图片中的文本去掉,09bd89402d0f433a99cfd10302571670.png,
597,vttie,Add the word 'supplies' across the top of the image.,d69f01832e104e47a03d59c870fa4608.png,
598,vttie,"Add the word ""I WAS HERE"" to the sand and make it look like it was drawn in the sand.",14047c8c8ae143c0bed4a5d5083f436b.png,
599,vttie,Add the word 'pot' in white to the black pot.,b3ec38e046fc408a90d36bb841f81839.png,
600,vttie,Add the word 'cane' to the handle of the umbrella.,7a0ab67d83bb4a029dff8a21b31beecb.png,
601,vttie,Add the word 'apple' to the left surface of the apple.,3b5d8caa6fee481ba44c121c500485d7.png,
602,vttie,Add the word 'chair' to the sofa back.,2f5897e6c4be45bc9a65dd4873d27620.png,
603,vttie,Add the words 'food market' to the top of the image.,39165a3b39d049e38daac4eb47fc0f74.png,
604,vttie,Add the word cat above the cat.,7c875a2821eb4054985c2b0666d98904.png,
605,vttie,更改文本 '23' 为 '45',4913f8141112486abbfe4b8284f32333.png,
606,vttie,Replace the text 'chicken' with 'beef',587e358ea0844ea1a27e6784db5d84fc.png,
607,vttie,Add the word surf to the sky.,3ab2a02e5c6c472ba33bf87c148c2a2b.png,
608,vttie,Add the word 'pizza' to the bottom left of the image.,c17c64604b2b4df8a99b120bcf3838c6.png,
609,vttie,Add the word 'toilet' to the toilet back.,31ebb0f034aa418ca268b3295e08e935.png,
610,vttie,Replace the text 'Salmon' with 'Sandwich',8a328cf083624f65a56579f198a80337.png,
611,vttie,"Add the words ""VISIT THE ZOO"" in Time New Roman light blue.",3c649ad024df4c099b1c48c3ba0d9faf.png,
612,vttie,Change Los Angeles to New York.,37fb8f4b5f3c49cab2faf13b5168a9c8.png,
613,vttie,"Add the words ""PLAY BALL"" in comic sans to the grass.",8e1a36b6c62a40aab1f33419e2b41280.png,
614,vttie,"Replace the tattoo text in the image with ""此生不负你"".",91e46a32dfc94ec6af032de3755aaef6.png,
615,vttie,Replace the text 'SHEFFIELD' with 'EDINBURGH',01309910e64f48caaffe5b3db8b344e3.png,
616,vttie,"Add the phrase ""AT THE ZOO NOW!"".",7f5a1151d2fd44f1a8910db64537d5fc.png,
617,vttie,Add the word 'napkin' tot he square paper.,7a86a730806c446f80ccf1fd8676cfa0.png,
618,vttie,Add the word 'xmas' to the top right of the image.,cba6dfe0cd094e95ae414a00f3cdfecb.png,
619,vttie,"Add the word ""Beach"" to the lower left corner.",e1f865903834446c9208bdb06f0621dc.png,
620,vttie,将文本 'LONDON' 替换为 'ENGLAND',98ba003b942a47bba0d77e77a012ff4e.png,
621,vttie,"Add the word ""EXIT"" over the door.",08c9ae88a99943b8bd3cc943a071d4e8.png,
622,vttie,Add the word CLERK on the shirt of the man that is seated.,b9c48571292f4369a60352256ac06a7c.png,
623,vttie,Remove all lettering from the airplane.,493f65ffafa84e1d808718a9d421b2ea.png,
624,vttie,"Add the four characters ""松前云鹤"" to this image in a calligraphy style.",9fedde5825a0499e9e406b5b222c8d4f.png,
625,vttie,Add the word 'mitt' to the mitt.,609633c179a543119a59103514808513.png,
626,vttie,Add the word 'chilling' to the top of the image.,0f6fe2ff41c449ae8dd6445799f1b38e.png,
627,vttie,Add the word 'player' to the left pants left of the player.,1d4fb1898dcf48e2910c2845eed28cb5.png,
628,vttie,Add 'Written by' to the right of 'NANCY DOWD',3a1dde50e4d54a4fb49cd2f8913bb6de.png,
629,vttie,"Remove the text and add  ""我爱你""",8a295af994574f53909fd9c8890361eb.png,
630,vttie,Change the number on the tail of the plane to 345.,6221a01a6f23405095b7b2cc9f32a057.png,
631,vttie,"Add the word ""Keep closed"" to the upper left door.",0b1e218d1fb0410d86d0a0057c445c0f.png,
632,vttie,将文本 'JACQUES' 替换为 'QUEENS',66a0565e81d941a888a83dd45de2530f.png,
633,vttie,Add the word 'floor' to the floor to the right of thebaby.,6c36e19c1d594d62a1d1413272a097df.png,
634,vttie,Add the word 'beach' to the sky.,24267f7ee329404fbb65753864118cfe.png,
635,vttie,Add the words 'hot dog' to the top right of the image.,fd007c332f08400abc05e009d6dd8d07.png,
636,vttie,Add the word 'bear' to the forehead of the animal.,a45e1092d04b44b7bc667ac71a1d74c2.png,
637,vttie,将文本 'WOOD' 替换为 'LAND',81f770ddbbc940669dbe5b249992b666.png,
638,vttie,Replace the text 'me' with 'he',7cc456a0280e4f2d80c496c02087fba1.png,
639,vttie,Add the word 'kitchen' to the bottom of the image.,31ee925db4bd431a8486abc3640953ea.png,
640,vttie,小跃，你能把里面的“曹”字换成“叶”字吗？,b49a63302f7b415ab665ef634d3d43fc.png,
641,vttie,Write Cowabunga! in green across the center of the pizza.,a89eb0549dfe4b85b7b532721fb635e2.png,
642,vttie,Add the word 'cupid' above the cupid.,a565186861304d089222e24b0481e21f.png,
643,vttie,Add the word 'mouse' to the mouse.,e03e1ba231bb4b8ca165ddf516426e9e.png,
644,vttie,在文本 '2025' 下方加上 'SPRING',a40773ba74da49e19e8a29611da48861.png,
645,vttie,Change 'stop' to 'think'.,0221210a28ef4cff8faa40cee4eef930.png,
646,vttie,"Add the phrase ""I bring to you, master"".",ca4a85123cd541969468d1dcaf7e8642.png,
647,vttie,将文本 'ESTATE TACHEN' 更改为 'Timeless Fashion',b3ab7298922546c5828543f0db50546d.png,
648,vttie,Add the word 'ski' in white to the sky.,d764587ad3664814b0396697f3d30c6a.png,
649,vttie,Remove the numbers from the front of the train,1074daf922524c84b7fd59c01c7f82e2.png,
650,vttie,Add the word 'sky' to the sky to the right of the pole.,dec09e864d0f43d9918d167f62754563.png,
651,vttie,Add the word 'zebras' to the right of the zebras.,dc077555f3404640a3e7cab321f7d67e.png,
652,vttie,Add the word 'cute' to the white shirt on the girl.,6b249998fa1345fd869cbe03bc825a8e.png,
653,vttie,将文本 'IELTS' 替换为 'TOFEL',3f21c5de3e5146a58cd1cde66ded6033.png,
654,vttie,Add the word 'cup' to the left cup.,1c9709b96fea4dc5ae77f9ec52d385b5.png,
655,vttie,Add the word 'antique' to the sky.,46665b852a0746a38248f85f7032cc18.png,
656,vttie,Add the word 'horse' in white to the side of the horse.,7fa2dc2576734c3b97a7a31fa3d9bdc1.png,
657,vttie,Replace the text 'LONDON' with 'ENGLAND',b9b6f365b4854fc3bf8ac63fa3b5da42.png,
658,vttie,图片中间添加“GAMES”,9fe4f868a37642bdbc46ac81ad93e96a.png,
659,vttie,Add the word pay here,a960acf517a74b14a1c495addc854c5b.png,
660,vttie,"Add the phrase ""IRON CHEF"" on the wall.",38e8bffc864e4b14ad3c9a77443b958a.png,
661,vttie,"Help me change ""行动"" to ""出击""",093a7103a5414c16b0f4436a7680181b.png,
662,vttie,"Add the word ""CALMING"" to the ceiling.",070863a10cbb47faab76725f4a0c56f3.png,
663,vttie,"Remove ""秘制麻麻鱼"" ",6ea403ccc0d54f84b2ccb1ada9c3b029.png,
664,vttie,Add the words 'blue skies' to the skies.,dea86f5d19e04f48ac5cec631454977e.png,
665,vttie,"Add the phrase ""DOGS AT PLAY"".",94fb1c6bb53b43aab41175e46e66abf9.png,
666,vttie,"Add the word ""DROUGHT"" in bold letters.",c7dda04322554b19b52060b605acd036.png,
667,vttie,"Add the word ""CATCH"" on the lower right corner in small letters.",6a07443c88534390844f4906a2333147.png,
668,vttie,将文本 'NIPS' 替换为 'CVPR',2578ccf7aa5a47eca5ff2a6ee3cfd630.png,
669,vttie,Add the word 'kawasaki' to the red panel on the bike.,c442f197e5c543088b3bb2a8da638082.png,
670,vttie,把下面的字跟数字去掉,6f673877ba9947ed918c8dc3a5caf176.png,
671,vttie,Add the word 'love' to the bottommost posit note on the wall.,0c661b0ea1a44cfab16f03b71a0052f7.png,
672,vttie,"Add the letters ""BBC"" on the white building over the top windows.",3c191f79ef564189ad3fc56b5386f172.png,
673,vttie,Add the word 'food' below the bottommost broccoli.,e6d4621999a54af290b97b2313a19cfc.png,
674,vttie,Turn the word salon into police station,01a1f2199448458e8511b6e0611d97bd.png,
675,vttie,将文本 'hotwind' 替换为 'cool breeze',b56fd965d5384f47a0da7b8a235bddfb.png,
676,vttie,Replace the word Angels on the jersey of the batter with the word Devils.,0fb9b7da511b4d63a4e0f586ccc8a8d6.png,
677,vttie,Add the word 'grass' to the grass to the left of the girl.,3b12b4dd318d443da74f0b6c46fe0a50.png,
678,vttie,把“大话西游”改成“神话懂游”,da863169e6c24e8981fe9e5be63ca548.png,
679,vttie,Change the word stop to say go instead.,fa5ebb4cfb604809934c85202abb1168.png,
680,vttie,"Add below the mirror the words ""Life is Better with You"".",b02a2c8f5f19473aa2e92c45d25e9a6a.png,
681,vttie,Replace the text 'DARK' with 'DUCK',5cdf293b768e46b0b4c95fbcc688dec2.png,
682,vttie,Add the word 'luggage' to the luggage that's the highest in the image.,2ffaf5507b79468a95b3aeeda001c14a.png,
683,vttie,Add the word 'sky' to the sky above the right person.,bfc1b6a4118d4350bc8841a2d4c360c2.png,
684,vttie,"Add the word ""FLUSH"" to the toilet seat.",7d855c06e40b43488a2145dc1ab19d37.png,
685,vttie,将文本 'SNP' 更改为 'Call me',a427f3b11a9e4dfb8c543c85bf3ddb53.png,
686,vttie,"Add ""GO SKATE"" in bold letters.",214b9b7296ea40f695d11e24717156b2.png,
687,vttie,Add the word 'board' to the board.,1a3ce1a541f74c34b05bb7023c7bebef.png,
688,vttie,"Add the word ""BELIEVE"" to the wall behind the man.",40bfa341dcb64283a3fe76de4820a6b5.png,
689,vttie,Add the word 'sandwich' in gold across the top of the image.,9c25afb478a142b080793989f7bc0f62.png,
690,vttie,"Remove the wording ""iGoogle"" from the photo.",053a7b8524c94dd2a666a2bc763fc403.png,
691,vttie,Add the word 'fish' to the slanted wall.,7b505032da4a450f84ff34adb786b381.png,
692,vttie,Change the sign to say Pride.,2682417552a5488d832d71903446d4ec.png,
693,vttie,Add the word 'turtle' in white to the left of the turtle onto the awning.,26af3e0f54bf47499eb720f2acbf3e92.png,
694,vttie,"Add the phrase ""SANFORD AND SON"" the side of the hood.",4075487a900b410b95996639f4c769d0.png,
695,vttie,在“探秘”前面加上“超级大”,93c26253de1f404784c2bd367177a5c9.png,
696,vttie,Add the word 'hat' to the hard hat.,a812259003c340c4b9f4a78045399fba.png,
697,vttie,将文本 'chicken' 替换为 'beef',15b7a49599af48a39c0eba8dfd515567.png,
698,vttie,"Add the word ""SPORT"" to the white shirt on the man.",d85aeba52ad345129255cdaeafe013d5.png,
699,vttie,Add the word 'thinking' to the forehead of the woman.,168a66f09ecc40b6a05d76f2d9318ebf.png,
700,vttie,Add the word 'bridge' across the side of the bridge.,fc703ebf018b48d3aad707f3307cbe9e.png,
701,vttie,"Add the phrase"" GO TEAM"" to the wall over the mirror.",3b2910c8edff4900a4a196de6f03e5c6.png,
702,vttie,"Add the three characters ""苍穹决"" to this image.",12568ad69a7541b6abe59a31d33facbd.png,
703,vttie,Replace the word 'dell' with 'apple'.,f1580a6be8c945eeaa9ce7b1a96f1e93.png,
704,vttie,Add the word 'umbrella' to the pink pane of the left umbrela.,7495cf6efe2a4634883045f505613707.png,
705,vttie,将文本 'SPA' 替换为 'Relaxation Oasis',3d17db29236843aa9489e07d98e605dd.png,
706,vttie,Replace the text 'lululemon' with 'lelolelol',fc84f55e1fe04eaabe46e0005ab81dbb.png,
707,vttie,Add the word 'ball' to the white baseball.,0396413dd5cd40dfadeeea478fe6c01e.png,
708,vttie,"Describe this photo and replace the text with ""人生靠自己，三分天注定七分靠打拼"" in two lines.",9a6ac44a50204ca3ad28aacfc5351e2b.png,
709,vttie,Add the alphabet to the wall over the blackboard.,0961bf63bf80413ebac1686b1231ffc9.png,
710,vttie,Replace the text 'SPA' with 'Relaxation Oasis',d236ac9501384302bc7344c9c6e6d076.png,
711,vttie,"Replace ""LULU"" on the truck with ""HULU""",c575a9e17416445489523cd44c807de1.png,
712,vttie,Add the word 'microwave' across the top of the door of the microwave.,e735c85a16ff447bb726a809910b4c5d.png,
713,vttie,"Add the word ""HORSE"" to the sky.",ef7720d5ed5b4daea4517599d04d4a5d.png,
714,vttie,Change 'crew' to 'gang'.,83dd29510fbb4dd29c182f82f597f5c9.png,
715,vttie,"Remove the text ""戚风蛋糕"" and rewrite as ""鸡蛋蛋糕""",5e4a46d6852f40dfbec1eaa073c6d2a8.png,
716,vttie,Can you remove the white text from this image?,359e78f736384fd88011b29c976771f0.png,
717,vttie,将文本 'FERMENT' 替换为 'delicious treats',3fac9fe29110419f80f440a707e9f0d0.png,
718,vttie,Replace the text 'NIPS' with 'CVPR',e16173b355c34b8cb8b58a31b53a0b9b.png,
719,vttie,Add the word 'serene' to thesky.,fa8c3e3dcfbc4d10b967dd2de2295160.png,
720,vttie,Add the word 'green' in white to the green tip of the marker with a grey base.,be42eecf29c04fe298a532f6d2df369d.png,
721,vttie,"I want to change the letters on this piece of clothing to ""DIOR"".",35f7d723202e4af58321cad0425aafc9.png,
722,vttie,Add the word 'christmas' to the bottom of t he image.,812b5df7795b4a21878c1d9bd22790fa.png,
723,vttie,"Based on this image, change the hidden ""New York"" text to ""ALEX"".",f1431a98328e47ae9f6e044b35cd29b0.png,
724,vttie,Add the word DANCING on top of the umbrella.,04748220ea94454dbc2e97f8842652be.png,
725,vttie,Add the word 'giraffe' in green so it kind of blends in with the trees to the right of the giraffe.,6d462a60e1f343958510b01fae3a7e54.png,
726,vttie,Change 'castle' to 'fortress'.,b6178208866644db865180618ef2490e.png,
727,vttie,Add the word 'office' to the bottom of the image.,664b381473de4512ace704b1a6ebb1bd.png,
728,vttie,"Little Yue, can you replace the character ""曹"" with ""叶"" inside?",e62652bea0264fbea0741d98c52699e8.png,
729,vttie,Add the word 'truck' to the side of the white truck.,a0ca0a166ab742f2b07400b5dff6aec5.png,
730,vttie,"Add the phrase ""HAVE A SEAT"" in big bold letters.",6c31167ef89146cf94110f52e177e0d0.png,
731,vttie,"Add the word ""Moo"" to the milk bottle.",d405f7154d07437c92b655d7d04fd69b.png,
732,vttie,"Add the phrase ""Grazing Moo"" to the grass.",d1f19f1217c44db38c691690718d4e57.png,
733,vttie,Change the number on the sign from 730 to 830.,1eb11275b4be4482b750b09ec93332fd.png,
734,vttie,"Add the phrase ""picture this!""",f1afd8b79b384b40b9e9113a1fb31331.png,
735,vttie,在这张图中加入俱乐部这三个字,46feaff53a09411dac8dbadf5fb66231.png,
736,vttie,Add the word 'walking' to the mountains in the back.,cc86067b4c51488d908c684886f53872.png,
737,vttie,Get rid of the words on the side of the plane.,5888f0e6dcbe4bb0b1c2562e4d99de7d.png,
738,vttie,在横线上写增加“抬高80公分”,496791a58c53415b982c16f16fbf3b8f.png,
739,vttie,将文本 'me' 替换为 'he',5c4a25e04521429a9d6fbb7151733992.png,
740,vttie,Add the word 'pub' in brown to the top right of the arch.,eebbd291853542ddb50f3f7132edace8.png,
741,vttie,Add the word 'miniature' to the top of the image.,f5a7aa927e7e41eeacfb7b75c09956a1.png,
742,vttie,Change 'donuts' to 'food'.,db85a9740fc246dcb324a934d717e2e3.png,
743,vttie,Remove the 1983 sign behind the fire hydrant.,93e8d4cd18f84506ad7f02b70050400b.png,
744,vttie,"Add the phrase ""CAW CAW CAW!"" on the upper center.",408c99769d3141f6806e464ab771d31c.png,
745,vttie,"Add ""MMM GOOD"" to the lower right in bold letters.",a88a64b6bfc947ed985f838632d19b86.png,
746,vttie,Add the word 'warning' in white to the code on the screen but to the right.,1b831052db67496aa2dd23082ea814f9.png,
747,vttie,"Add the word ""BAAAA"".",8954bf0b0e89480a860fb3ae33e5e9ef.png,
748,vttie,Add the word 'bag' to the bottom of the backpack in white.,4c1f9a488f8f4a3382f5fafbbd991b59.png,
749,vttie,Add the word 'tv' in white to above the tv.,696ea59f5efa41eeb63dbc60b80feb8f.png,
750,vttie,Add the word 'sky' to the sky above the people.,fdb31e7c25cd4170b55be7c6f805f79d.png,
751,deepfake,,5788930d961445368f7e0fcc84f5d8d2.png,55dd66b2ce454de59fc304e454d8db6c.png
752,deepfake,,4a0a576626984d2e84a4c9d8cc46fb05.png,3e7cb21ab5e24c888e1fd915e91928dc.png
753,deepfake,,3150b5b09813428a835b71d21b357a5e.png,d5caa8d33381478aa5dc278b91c706e6.png
754,deepfake,,8b188e7fe5574a629f6f6c1381a17e19.png,2973e439a64345019d0173857b1c01d8.png
755,deepfake,,70c6f7da78734cc981ca6dc9b432b437.png,b3314cb054e74433965eb0c1e649433f.png
756,deepfake,,fd2b07892d614715a8fea8d027952f4d.png,1b7ba2f49820459eb965594510b8cf43.png
757,deepfake,,9f6ca86c4a3441e7b797817e414ce2ac.png,74737ac4248442269eafcd3338bb283e.png
758,deepfake,,c65bfdf5e6874fd287d7d2d57c91dcc2.png,46b9b2c03cfd4f4284a97ffa309efb20.png
759,deepfake,,acdc27744cc44d12982133d265f818d9.png,51f580ade55b45b092ab017111fb3969.png
760,deepfake,,2475988fde85453185a038ef45a0456c.png,c1db6a3e31a34fbb94fde153e912b4bc.png
761,deepfake,,2a7623f4665b4f6e90086fdfe736abe0.png,d5691734523d499398d8f32fa5c918f7.png
762,deepfake,,da21d2dfab7b4a34aac444ef8227ea86.png,79041f81ca424ff9b040750b72d34b15.png
763,deepfake,,746ef4bf4bae47a78d623b0f901c0448.png,bcf2e3ff84764a2cab67f39dcba77606.png
764,deepfake,,d2228f0cd83844beac4eb44e80d255ad.png,8825fb7afff446aab7f3d79f287eef1a.png
765,deepfake,,64c91bbde4234e79b8bda9633753a1f9.png,14756584b606467ab7e661f229849c44.png
766,deepfake,,368405f3186647ca92cb40fe746f3d91.png,f1a5750634b44c93941e2eac6cf3e64a.png
767,deepfake,,67c2adcd68a140b097516b63f0a2abf2.png,8b381412bf0a4aa08b3db7ff8fcd9639.png
768,deepfake,,df221691e10048ea85ef2ec432abd6d7.png,6223161857ab47bd8115034b677aa860.png
769,deepfake,,bbbfd8a75364440da15b4f1351743fab.png,486b50c0907f4406a0f1aa89dc579640.png
770,deepfake,,8a5215f8d7ba4a1fb798f51b809fc27c.png,3f6f6f728d864581a67c5f06068bfb83.png
771,deepfake,,523ba0e7dec94a03a561a35508a4b32c.png,ce72bdab59074f1bb2ecff94a89b968a.png
772,deepfake,,2a68ea2214144560a371ef37a5c83ce0.png,2f41764dc5494fabbd195011ce567a89.png
773,deepfake,,a0a386f0855243fcb2220f95d0303087.png,a754554526864fc582217ecde674085d.png
774,deepfake,,0abe2c37167448218d6d90ebe95c7d2a.png,afcb736379df433a87f2bf95b29f5693.png
775,deepfake,,16989afe95fb479f96c08be9c6317f6b.png,f0ea7bb369914e40839c185fe0771b1a.png
776,deepfake,,ea84e7ca5b1c45f19c7d5921d643d0d6.png,8616a770c0344f9289cc5f1b3ed4fe98.png
777,deepfake,,86d43de3dd2c4416894ac5542723265b.png,a6934cf4ca23492d8e93da3ab92d886a.png
778,deepfake,,9a7a4ef475094366889906eddee45736.png,1d1b41db0ab049f9bcf3456e798e0f88.png
779,deepfake,,5a521bd512384c3f8aa021982570fd84.png,edfa232bb464499bbefd59a4b4965214.png
780,deepfake,,aa81354939584d7292ad93f9aac7be24.png,cb9758e283de49fc9e71e95fb2cc2367.png
781,deepfake,,7a470f244bd84069b096e744f2e710f9.png,a5c06f828ee1441592a18cedefe839cd.png
782,deepfake,,09f2ee6dd43c40f9acac351270d715e5.png,bda394ce54054d97a3e28d8c74c1e9ec.png
783,deepfake,,6f8a40ae76f445028c41259be4f4c2ea.png,9742545d644b493a8ba290020b1996c8.png
784,deepfake,,1abc14125a0d4be9a22bdd944c089c66.png,bbdf179d09e4474fa417cdc98f3de16c.png
785,deepfake,,b5b069ac4caa4e50b1388f00d71d8045.png,503674ec3d704511a7a51e896d8f9fce.png
786,deepfake,,bf8db3a247b342f0ab844271a6136d04.png,df7a82590da64a9f8eebf7fa5067fbb8.png
787,deepfake,,c2201642f92943a0b45ca3b80a3bc678.png,206d96b4691b4017acc5231c65605e85.png
788,deepfake,,58647d2b499f40bba10e900ef7c6b9d6.png,a7ce1f9167ee4285bc4775c9891f86c0.png
789,deepfake,,84c9503ecf0a4b97bf11429ab558494b.png,94b8b8553f1a449c9c1aa30106992381.png
790,deepfake,,a81c0349d3ec43e3bd630646b920780c.png,cf5556b2f39e4d048d2f8d29d8d8f7ea.png
791,deepfake,,08278c7f2ddc48018b715f53fbf4b4d5.png,071782fc35624050a11a20f697446ede.png
792,deepfake,,61c3230188934f988671da35929d1a0f.png,1dae42ad11154e7e852818fb35d4430a.png
793,deepfake,,e07c44bca449434e80db471932e8a555.png,48baecd85d8a408c91a5e5f606227ff0.png
794,deepfake,,f9d56ca32af8459fac858218276ddb0a.png,65d06a84bf004755b2369f228b0c48a1.png
795,deepfake,,cbf1a3580b134b9c8944d673ba7cc569.png,02e5d083021748cc87cd03cca8506a78.png
796,deepfake,,9257f30f64264cec9e5115b903ba93ac.png,04cb00e95bf44cd7aa9d411eb5891995.png
797,deepfake,,979c7960722d4f8db4135c759fa35539.png,95ace909f10b455cab022f818b330b7c.png
798,deepfake,,f18263d2f6694bbf8d48cc8402c12aab.png,19383dc2c7394988826ffe7a0d21e83a.png
799,deepfake,,ee90bf4eeb534288b7bdc6d3a0c41268.png,d7c925dd65714f32928a88a0f536cdda.png
800,deepfake,,9049bbb4b2414f3cbcc01e98df17d31b.png,d865ff876d1a4c8a9ca8eb9e724e40fb.png
801,deepfake,,79503ab36c35425abc32a54c98b8e38b.png,950565031ed8499f86dec1ac80c2a24c.png
802,deepfake,,1fce99871c53412c8f6f026d81e3675e.png,d84f71cd1c50488f8b1497cda68a66bb.png
803,deepfake,,377562c2112d4c74915e170d677fb6be.png,9b0257f72a584ea895902b54a9f22d02.png
804,deepfake,,553815d89db14e8aa4228a9cd3da6216.png,27a2d046c2e747679a7e27f055d85f82.png
805,deepfake,,2c5dfbc0f1c54821815492cc365070bf.png,01efe63ea9e14e0ebb48e36b040abe01.png
806,deepfake,,f87f503adddf4373ba4a6dc1709de8cc.png,8ae4563becee47bdb076afa447ebca54.png
807,deepfake,,31cdaae29299449896e302653901c62d.png,39e2ad92bec0496d9cdf698881a00b3b.png
808,deepfake,,b359ac37fa914214bfcedbb244dab4d7.png,a9eb8bb6e1e842bf8d662be6f8b22708.png
809,deepfake,,9e7b1e11dc924fe68ae6a8dbc0b43c65.png,10b8290567ef40f5b61f2b49c07f7c2b.png
810,deepfake,,f9181a1e8644487496200264952aa79a.png,8cc2f0905dcb4d8ba7c236a623425600.png
811,deepfake,,b20eb611389141eb91cb5ceed67c67a5.png,c9d8990fe6654fd1935ad1e3b1a1870d.png
812,deepfake,,fa818c39d08a463e966f903c34155004.png,395725b379e54481bf31361a5156735c.png
813,deepfake,,2fc7ab8f6eb947ad87a3e66339c1143b.png,a5173000cece41f0accdefcd40e6f493.png
814,deepfake,,0fab4555c2e74288a1c81bdfe7205193.png,d0815af8f2304e2c87da99aa6b85ef65.png
815,deepfake,,2cec946fd5184537a46122b7a995f2dd.png,4edd044e6d134444a5eb868fe2138284.png
816,deepfake,,c19af55f6dd74ad8a81c31c53a933164.png,75e88c8287b4410681e7f4207e2898b8.png
817,deepfake,,34de2c4fd9094d7bb10e27ca6d7e3310.png,09e180698f9a486a917194ea8a418f53.png
818,deepfake,,b52726ee0c0d40d7af3392e1ac79d6d3.png,c56a51bd47ca4769a838d180ad3857e1.png
819,deepfake,,ad5bb8c80c0244dd801e17629e0c79e3.png,7b7912f1b6494ec29c127fde8b24881d.png
820,deepfake,,854e4ca9613848848997913bad1b7cc0.png,1614c88cad18437c97d1a8de223a6913.png
821,deepfake,,e3dbca4b25b247cabd59890ccc617037.png,91d428d451f1459898d355bc22cff24a.png
822,deepfake,,cd3f22b0ed2646a3a446d0e55b3c95f9.png,88b429cf0a1e4c419d52e1d0f87035f7.png
823,deepfake,,9609d23f016242ceb9d4b1c4b01eb2eb.png,a90b1c4c8067451c871a75429ff9f4d0.png
824,deepfake,,da9f65a97a684bac8254a0224bf2f8ae.png,c7033c7af43142739d9806577c0576ea.png
825,deepfake,,3d1f4e0623f640b3820d29dfc45193c4.png,d143a31dc3134c609d7e232a7ea728e3.png
826,deepfake,,c4a420b836c54731bb3fab16b296a08a.png,e73a8e0ac8fb47c295a48dfee620045c.png
827,deepfake,,4b18e6ee43fe45d8ac09afb2c17ed0b0.png,eb41d33a2c184295af69f3ca0a364649.png
828,deepfake,,887e874f78224789bf3f70f19c254d91.png,cbebb5e031f54a75a59dd17cbc089527.png
829,deepfake,,849836b285ad4444bb2a35a6a7dfdc8d.png,fb463f81a9524ffea06e56fdc157b1a2.png
830,deepfake,,7929a764ac9d4b7eb9a345673b611fd0.png,690dd1329e4c4b46a3773385f20e0b1f.png
831,deepfake,,907225bd98944e42a015f27f6547aa3f.png,1e4d7bf02cc440718bf368977508dcaa.png
832,deepfake,,a056813e11fa48bab2ebc0d0606c8765.png,13569a11b9904516a0d2848881fd0efa.png
833,deepfake,,b227d1a8fdaa43e8aa62ba6c98c546ea.png,0a27fe773ba941c2a8a0875cfb0ae983.png
834,deepfake,,ed0a07782bc249f791e57550becc8139.png,dd019edd89494bc2a6188ad99f2ef3cf.png
835,deepfake,,97a83562608e47ebb88970965998b977.png,68cb754ee9004a72982376ee9073249d.png
836,deepfake,,bbd5336c97554430ba64c802f5f52b9e.png,3e8dcbc2501244de804461d435c971f1.png
837,deepfake,,cba4278e05bd4cce9f43e33f0025c706.png,5115c3480e1a43cfaab0728649fd2144.png
838,deepfake,,024ba58d7fcf46f1a4af2a4196e613c1.png,1d19fe11f4ab4535ab2983aaf1d1c5df.png
839,deepfake,,93b47b3de40e4916b69beeff10759653.png,3b6578fe042846059dc88e83a3a91e89.png
840,deepfake,,eee97e94393b4180964afe2e3cf5d058.png,4d7f88f7ebeb46cf9dc5216d69462fdf.png
841,deepfake,,e1cd2580803d48dc8d041a2690f3ee5d.png,d23b25675a5e45499301e05e8cc644fe.png
842,deepfake,,3e4804e9dd3441f68ce7ecfa7e64f372.png,5f08e0f960114d468a77fcf8d25c03e0.png
843,deepfake,,2d655b78c5484b9d85b251829e4003b7.png,68ac3c842f97415d81b1ee3b9a5d131c.png
844,deepfake,,ce380e0f68bb42beaa1fc348dbda3843.png,a6861306ff0d45f4963c7403045028ea.png
845,deepfake,,d1885842155f44eb80efe056a232a7ea.png,6da3f61a48d5491fafcc54b76d4f56d7.png
846,deepfake,,9b99781c62794f2db3c04408c3810de5.png,385b793df3684804b75baeb44a801162.png
847,deepfake,,969aa41c8ff645c0b9c267af12fd064c.png,4b954df447694e49b07caa27da45abd1.png
848,deepfake,,c2eac87147734591ab71d84cca9a3d10.png,7a93492a263442c2bd931feb2464fe76.png
849,deepfake,,34f827c7a5ca48de8b0b909a55801bb5.png,6c53b42c67494e87b79ca22107176b45.png
850,deepfake,,c7ecb00636494e9a98d5c591ebae9d09.png,45b9801b2fde46c190e184d9a2aeda2f.png
851,deepfake,,fa3aea63dedb474fa44dd987bd08b3d8.png,d06b0d605ba140398f567865b0bd87f1.png
852,deepfake,,dae5b204d87143dca082285090d9f262.png,a1848e47d7ea442283ed13035697615e.png
853,deepfake,,7ed3fafc915c4ac092e7aac934fa0c16.png,d72c6b58e3fd4463b6bb76ba5cc4ae95.png
854,deepfake,,628a3269fdc24fca9458a822341d9e14.png,36855ee53cd54a5189ac3a98d543e8a6.png
855,deepfake,,2d8de3a7160d4eb090f4d7f0d8e48865.png,8675a13e463d4065b1d03116c942151a.png
856,deepfake,,59f20964d8994030aa099ee69d2b01cc.png,808fda7c3c784b42b94dbe8a7027f297.png
857,deepfake,,7a742ff0adc14ccfb68126cd7d369887.png,81cb29581a9e4f759d22350b42216ac0.png
858,deepfake,,ba0865db7fcd44a785d8804efc1cadc1.png,22ad46b2be9a42eda30265ad3eca8353.png
859,deepfake,,35dbe01c1fb54ced924ac5d0a03381a9.png,97082af0483549888bfa5a414df0bcd6.png
860,deepfake,,850350dce9c9407fbbd021df6a8cfe13.png,cf33f7a3bf4a4330a3e9cd4a289915e1.png
861,deepfake,,b10dc26d0c9349ed91b15c476f692815.png,d6c0266355154aae88ad3cdeb9b31f21.png
862,deepfake,,f718300e1a9846d68cff98be7ba01bec.png,acc12a67f7d14516911f96c9d3909d3b.png
863,deepfake,,df047c9594a54184ac5cacb75fab5ea9.png,6f1a03a3d42145299828f3161be3d46f.png
864,deepfake,,60c902c4e5384ec99e1866427feba707.png,3bfea9fc125b45a99d6be50da2387709.png
865,deepfake,,74d05adb060c488ea4ce6cc613440db5.png,a497ab8d7ca04abd9cdb26ea6684709a.png
866,deepfake,,7cc281b0a9354b2f9ecf3361e32e42d7.png,136e8876b82f4059ba6138adbd62538c.png
867,deepfake,,f96a9b07a8274de393d6aed87cd6d4d2.png,a987a22c92624d28afd85aa9d65b02d8.png
868,deepfake,,23cb648a6d014c60a242b217b909c433.png,11ef89bbe4104a2e8b81096c9e7b2371.png
869,deepfake,,08aeec952477418a9b252e479e0eb3f4.png,9467c0fc164e4c3b9c3817e240e2fd81.png
870,deepfake,,023dc145fceb4573af6ef68332f35980.png,5b73656214b0458fa12b5c0dc833287e.png
871,deepfake,,30fb4ca1728e4982a10775bf51b38962.png,52048b5988354780a9d6aca256f4ebd5.png
872,deepfake,,4152573c6cd7427c8b283b20a67ea0b5.png,efdc8a941b264225808ef83f69678ad9.png
873,deepfake,,3c0c6ec0b06748189908dd62729221dc.png,9b8332b3b6b149f2b8bbac7f91cf298b.png
874,deepfake,,f7cfc911dc7c468989780f81b3b081d2.png,e9d1fd9f253e4a3fb065a7f8adda3f24.png
875,deepfake,,a10093bcf0034b8f9e4c45a70bb7cdb6.png,f853a4b6a3664a84872d4e1780b517b5.png
876,deepfake,,39b86fc5afad4ad3999500c7863709ae.png,193cdbca7cf54c85be2a611dd2cccfd9.png
877,deepfake,,23f44010912c40ae92cae5fa74fadac7.png,b432f48e06064d6782916068896ad0a6.png
878,deepfake,,d6e32d0fc89f4bc7b7365adee53c3a66.png,da39437c687541ccbb7699bbbc6facd6.png
879,deepfake,,c1d79e5397bc4c4f961ec167565c7172.png,4993babb670444f39f8ceb5878f5c6d9.png
880,deepfake,,73c63a403dd44f83a6d1ecec877932d7.png,78e80605f2154c869c6515f1571a1c41.png
881,deepfake,,cfc6c7ef4f3a4412ac81cb2203139e70.png,d9b0062d5fa945e386379315f67044ea.png
882,deepfake,,e37a9fdad093416fa6660d6d97e33ace.png,8b5c9c7685eb47edaf0c26d7e434c1e4.png
883,deepfake,,c41ebd404d2840ba8fb7d2b94b48a881.png,b2d87cf9b1f74f87bc35d0dd1aceb592.png
884,deepfake,,c9ee5ed9e5fa493894bc88663638f11c.png,b5ab01c60aac4ce5a63cc03a8a896f40.png
885,deepfake,,45a65aa2c5ce4989b63ecd1b50e0750a.png,3b7a4b634bc742adae1eee6de9fbb71d.png
886,deepfake,,b6bdf70dd49942a5ab66b27270797e8e.png,9a7f25d89cc847dd9f76bdd2b140d0ac.png
887,deepfake,,142eb45b37af4093ac7be96f085c69b6.png,4d55008a818f4b9b92c3fa7568cce31f.png
888,deepfake,,3e075711fd1c40bc94952eb21dc95872.png,984d38b67df443a6937656de62da22d3.png
889,deepfake,,fb80a3ad97104d658f4b426351949092.png,51f2efe4ca364820ac251f4fc2803f5a.png
890,deepfake,,5b8d1cb9b0eb46ba9b15222226f55161.png,f4f34e8181ac46d0b02ad310044d804e.png
891,deepfake,,5316f8b387134254989c23f898f06382.png,5a7a9130cddc4162916a537df4be7598.png
892,deepfake,,fe06ed4589d2419a8c06a5a95e8a98f6.png,59f7daa3ea234b2a91ccb324ecb844aa.png
893,deepfake,,35365bbe24e84a0fb503f82b81943e4b.png,7d5619cebccb4b36991839e66aee0237.png
894,deepfake,,19015cc9d05043168958f2335079d060.png,e0a8dbaff838478d9df6f049c8d112ea.png
895,deepfake,,aad3a680bdd24e84b7b21cf36ba461f4.png,f3d68cdea8d74c08ae9cf5726d14888c.png
896,deepfake,,5d38596c8c0c4ee896a2b31a8a37b65a.png,89beb0af710d426b9c5cba4566ba208a.png
897,deepfake,,d65bc8d8d4fe4a109a21c1a70b7a838c.png,3659b8f90a184875b4b9226b67535396.png
898,deepfake,,dc1dbab43d654035831c2e87681f29a0.png,6af4d09db33f43929a5042bfacc30f48.png
899,deepfake,,07a708d329ee40e0a92b0f9cec3d30ef.png,6f018d2736e6406abf2bd3030d21f0f7.png
900,deepfake,,62b8b942e1b44d9d808e839900283fae.png,e4e3c8e24194424cb37ec43e094d0c92.png
901,deepfake,,aaf770a6629147c29790c9c244c9188e.png,889628ec650a44bfaed8715c7a5b388b.png
902,deepfake,,fcec8c26ceaf498f87595645c552c5d5.png,72c1324e7ac94e7a9d583bf499dafb52.png
903,deepfake,,8187401942c04a41aacaa3c6c8a1344a.png,3ef60cb0707b4083a4ad5857bfffdba6.png
904,deepfake,,844fa7c52e7b4f9db3eb1f10151a6ace.png,51c362a68a7443d98b83e47601735804.png
905,deepfake,,bc2c7f806c4a46f1814193ef1c13191f.png,21df4b8ddd7b4118983d3cf7815fad94.png
906,deepfake,,01439509e9684ff4997035990a05559e.png,a26988c6a3db42b78ae027afe5422833.png
907,deepfake,,cbe97e487e1e4840a83327f7ccef5d13.png,58e7189b8dff414d80a046dd12efaa39.png
908,deepfake,,455b5c1e6fb84b56aa3c6b4244ad0398.png,45eec064f6824241a80d01dc68524fb3.png
909,deepfake,,43989772d9294dddb6e37293040be897.png,8eb5110fbbf34b438d196dc547e2be86.png
910,deepfake,,a8b9d863460c4019adadb96a2e0c1816.png,c300a50ee060460b93344b1a873cb18e.png
911,deepfake,,0e8821715dff4e35a8cc288a6991db3e.png,484cfbf0381844a79f6599ff76c0c2a4.png
912,deepfake,,c5d9a6308784451ba2a30fa5f3f618c5.png,f7259eadb6c74682a2a1c1aa4d84010d.png
913,deepfake,,2af1bea7e84d486c9624e9b100de5789.png,695719f164b743a08bd8929c0a28e377.png
914,deepfake,,d7ea1fbe9c48470e9f744ac23f237e45.png,72ad4a9e0b1e49879d40ef6cfda5b30a.png
915,deepfake,,2aaba3539bde44029c518d0e3c4a4fdb.png,fdc9ad9909f2483391b7427a8aaa3a32.png
916,deepfake,,52ae7bcd7f2b4802a549917abbdf7d5c.png,75d15132bd2449d78a72c35d326ab430.png
917,deepfake,,713261a08576444d8385e11e7e1066e7.png,2329ae35e15c4f0aa5d74eb61e0aa3cf.png
918,deepfake,,98cfbe43e06445d28bf38d378962bfff.png,ec60724ded42459f81e3291842a054a3.png
919,deepfake,,3923f3633efc4282b780810ec477f135.png,3f9a156eb38a485da42d747b08b14eff.png
920,deepfake,,e88e7792c87b406dae440a669a495f5c.png,deaa1771bfe24408a6052a511d7d8006.png
921,deepfake,,1854b5ac82b3454f9fbb1eeae3d0aefa.png,dd14848df4ab45ae8573d8798ad21b7e.png
922,deepfake,,8980facb5b2846fa8b006674360231fe.png,bfdfeacc32574d228f4371f23fb337b1.png
923,deepfake,,70d941f5435d4ac4972bf0c9aeb92429.png,229919bdef2d477fac065932a4a4a9e1.png
924,deepfake,,ffbf9b12106d4e1db175fdd7e56de192.png,10827426711440c4b52709a7331e4e55.png
925,deepfake,,1e377e7b8747468b99ee806703fa898f.png,19b9b6ab41604b87beeb89cfbccd2d98.png
926,deepfake,,200207ba04d34bbba401f14269faf060.png,9e79e064eb7c416ab7fdda404ab7e3a2.png
927,deepfake,,b49994f34b1a4294be7c5afce3b78d4f.png,c2719dbec95046819c8a59ab3d8da18f.png
928,deepfake,,a6a872d0451840c3b7cd2f4533ec6c5a.png,177a5b64c7fe4d1bb8e03c8e8088bf67.png
929,deepfake,,326a6e1d95b44027a00238c00fe74326.png,75881f77c7e344d9bccf3ec5548500bc.png
930,deepfake,,379a64c5f1b240a5b8cf24fdb795aaab.png,97b60c6c03fa41e5acbf702018188ed7.png
931,deepfake,,d3821d8bacf04f86ae9cbdd56e493a83.png,b9110a90710f44bc9651465f4595efd1.png
932,deepfake,,5736448fca33412986b1965986f9226c.png,05912a2b4f154bef8ed66ff78dedddf2.png
933,deepfake,,82111576b91f472ba673d8ea3f1620e1.png,8c63ad12e2e840e19d1a5326ed10053d.png
934,deepfake,,0ce5da10322a4a08a27daabdad4be30e.png,6e0d9bdadb6649e1811ae4816a233c40.png
935,deepfake,,22ea722a4b83430fbbd1dec22761816a.png,7d377cdbd87f46c7b4f417b4caaae7f6.png
936,deepfake,,84bcb08ccc8840aca95a4599046902c7.png,ec4c727991094c559d817778a39167ee.png
937,deepfake,,13e898c8aecc483fa744515109f19ba9.png,78f19b425fdc40398186256b1b89737f.png
938,deepfake,,4f31d319dd7b4021aea7fd7df6a488a8.png,67c57738743c4124a300a02722cc198e.png
939,deepfake,,c5c81b5fe52b44ef91d48f7fa76cb07c.png,22069784f02f4c1b863ace8da066bbee.png
940,deepfake,,edbd9eb4a97c4b5da71f9ac2a1362199.png,b0e6dc5387e6438e8c932b13fe1d3a70.png
941,deepfake,,226ed5af7c9b42daafdb7c57b24b5c96.png,f4521526aea044e5b47dc48370745210.png
942,deepfake,,ac07ecfade554ae9868b857295d30a1f.png,037f99b653e64a8598f20b0887944a15.png
943,deepfake,,a477ebae645d44369b591179b3f7370c.png,aa706d628dba459fb620048ce41c9b0b.png
944,deepfake,,66e318c378f447c183873ae5782aaa24.png,1f14bd21c0284eddb27231a1d307a4de.png
945,deepfake,,9b6645993dda4d9fa1d8a4e3bd2cb945.png,b8d2b383e4af4fc5871cdd6e599b4209.png
946,deepfake,,112061a564364935aab98d49d90ebf20.png,361a51e4134d490098252f52cfd87038.png
947,deepfake,,4fccebb2124f4e3fb5c2cf8a02607b7c.png,ef030d1f77184b7b93619b02e346dbf7.png
948,deepfake,,3b675b2bd634447a9cbfa77381e5d5d8.png,c93469e5d2b746b8861e6f2bfb9b84ca.png
949,deepfake,,09dfce5f02d64398b23dac31247fbd85.png,1c8bab9f8c4945188e8c8789148f6027.png
950,deepfake,,88268a3f671946d89a6ea23792879588.png,0dd62c1ab6844fbcb116d080258f786b.png
951,deepfake,,f58d04999f3a4211b1822ac6daeffe2c.png,07ab596b192c42fe8cbe0aa65a8ce9c5.png
952,deepfake,,538b2ef76ba149838890f70aeca2bee6.png,1669fe85db814ed0b5dcea59662f8500.png
953,deepfake,,89932633217a43d5b20327e872c441d8.png,79997531cc984e8fb03601cd2f691f11.png
954,deepfake,,ff2296aed6534a709b3c9119b88d3aab.png,7640ab0809334f18ad69dee2f1a714f4.png
955,deepfake,,a7c61849d02940189765a99fbe72b3ed.png,926e0251059e46bebea4f8cb30861405.png
956,deepfake,,fc67072cfc1b4d088e61b883ee4f4738.png,ced6010b2c684235a1f84097eac3bfe3.png
957,deepfake,,4de08b39b35140f4b845f0546e2ae39a.png,b6ac83da27e34d68ba5acedf53230c6d.png
958,deepfake,,fcddb3ebdfe346e3a17e6617df50673d.png,c1db3760f0f247b4b10fc8707390fa0e.png
959,deepfake,,ef81dde87ce84c9a920d3bc912d58302.png,96214d1cb1ad4b1ba49fff491e81519d.png
960,deepfake,,f0f03bdc474949008b32dc6a9f39d8d4.png,f7e13d17d1934a568380b9d7526b257e.png
961,deepfake,,82cbed382bec44a196e7ea72702916c8.png,dcaacc2e945042b187497e5d7177792c.png
962,deepfake,,a1aa7f3da5df456db17d9cb20dd17885.png,c0b8b69319cf4cb2ad8b24a80b935200.png
963,deepfake,,6bf3ab91b4fe49aaa8fad52493dec3f8.png,1998ad9da3a14afba7e990f5bceb1097.png
964,deepfake,,1afb03629ca547879c7d03691909ae99.png,621e746bffcd4699a66953a53c071b9d.png
965,deepfake,,8c8d93e5993244aa85c7a4d753cc2c28.png,ffe2ae039f4e41be9c51e68d740dce81.png
966,deepfake,,328cca0a642f4e20b6ad2088a1e26cff.png,bed90503469643d89eec1f690a20ddfb.png
967,deepfake,,26b4c6a81406465991e2ae5d49535586.png,46d7ab9588a94fb38cdaa7fbedca0147.png
968,deepfake,,30bb39f4147a4b75b6b9888585bb3615.png,ccb2ea482e93481eb38e9b013f08a7b3.png
969,deepfake,,5a75616784b94b44b2a23c710eb4b985.png,1701d66ed1314e5d8effd5e20e940aa6.png
970,deepfake,,52b2c7887e154f7a88c67092d563966f.png,f5e5b7a8624c49438984d16e3e817c8c.png
971,deepfake,,73bceba09e46486496fcbc15c1285d73.png,1b02fca92a3d4e1fab7cf576b8155e85.png
972,deepfake,,e3e6e0009db5474ba82bcee878e712d2.png,1518c0d79b794ee697d07f124c05f034.png
973,deepfake,,3bbb1346e01e44f3809feaf49253c951.png,e7790b6f42184f58a103b338b3df859b.png
974,deepfake,,1ab2b9efcb174abc82face2c73ab90c2.png,3d0bfc59ee3941b1a9026d34cc998410.png
975,deepfake,,8c2b580601414eac907d2f91a727af0b.png,91533011e72d4c22af250b8445e65c40.png
976,deepfake,,a7bee47b6d764f7cb9d6f61b2e24d4f2.png,a92973cf857f46479ae5e5057ce93d4b.png
977,deepfake,,2248426457f54535b3f22775638ad501.png,ba1374d6bffd445da58ac238c5db77a6.png
978,deepfake,,0e1d8452df4f4d7ca1130e4f0af554dd.png,3092645c757a4995afe08c5f7fbc801b.png
979,deepfake,,122b841558ea4953921520c6c18d054a.png,5a41a98710494244ac987958616c7cdc.png
980,deepfake,,88912f7b98894527b23a4c958e5c4719.png,41ffa965313f444182ceac55c0061027.png
981,deepfake,,eb7436e9ce344901ae833fe884ce1e88.png,b58101a24f0c4f4d97901fcea9263f16.png
982,deepfake,,8c8e27f966dd47408e61f88a38eb82d3.png,eb321ff484d94c7ab3ab9f7d53b57feb.png
983,deepfake,,bf9a7a202a4d4d7c9349b5733e5bb1fd.png,9d1522cc8fbc4795a671cfdf1f3b6acf.png
984,deepfake,,6590d784870b4f63a6fd0807a72e7b60.png,e9fcce2b5b464e98bdff38c47e85cd18.png
985,deepfake,,8a1c4079f8e0464fae325948da96efb3.png,be5e1ec52cba46c1b8cef69a6dd848cc.png
986,deepfake,,c978867761ba4ad987d2778144882368.png,ea4bc4578e184011b4137883934b3bd8.png
987,deepfake,,4d3c417fbdea41cf949efcec10dea1ce.png,e215c8ac827443e4859e7efcf1b725d9.png
988,deepfake,,4bd85a44479a412e941567cfea211953.png,1f52dabf432a43708fd793301c826b7c.png
989,deepfake,,623fda0988734872ad31aac0c491f7e1.png,f56e35c7a8f94f4a91b6f4b13422c8a5.png
990,deepfake,,12cecb2833b14bc9a7bbfd4b4598e449.png,9a61257d0ba54d3a9cc232fc9662a108.png
991,deepfake,,4705bc30daa145b9b961bbf840d26d62.png,4c247023bb73434a98f40bec4fde8f3d.png
992,deepfake,,a84aaf8ff5494ed7813e20785ceb4140.png,e92c23e229a94d0390d2ec86480ae2b0.png
993,deepfake,,ec843a517d5e4fc5aac512dfbe3770e0.png,fc7bce351542454dac6d0172c3025b03.png
994,deepfake,,be94b0dabc7a4740a28cfe9a59bd4a66.png,5a84b1d8cda147fd8bd6faf83e1ddf3c.png
995,deepfake,,821d4492b00a44cbbcd8addeb491fe60.png,12246708e258402090cb0c8a8df4842b.png
996,deepfake,,4c234474342546df9034a19dbb230bed.png,627b2ac2e0194fc89c015c769decfe6d.png
997,deepfake,,0aa8cb980be845a4a30b2248f9abe226.png,4d00dbabc9ff47fcba54c21d64bcc458.png
998,deepfake,,a701aec125ce459b9cff76eadd7e0263.png,2b8c21b179ec4c1187d60682f7fca808.png
999,deepfake,,70eff544233242dab682d2d209fcc2e3.png,77932521bc3c440eba39c34eafcdee25.png
1000,deepfake,,4c0b3515b6a14695951fb9d5a3b7f696.png,e8d82077d36d44158a5a582df1287064.png